CNPJ;RazaoSocial;Trimestre;Ano;ValorDespesas;CnpjValido;ValorValido;RazaoSocialValida
352543;OPERADORA_NAO_IDENTIFICADA;;4;2024;1706264488.66;false;true;true
364860;OPERADORA_NAO_IDENTIFICADA;;4;2024;2156421912.79;false;true;true
342131;OPERADORA_NAO_IDENTIFICADA;;4;2024;677124069.42;false;true;true
342033;OPERADORA_NAO_IDENTIFICADA;;4;2024;7737701299.63;false;true;true
321931;OPERADORA_NAO_IDENTIFICADA;;4;2024;2444898521.60;false;true;true
421464;OPERADORA_NAO_IDENTIFICADA;;4;2024;9016827.79;false;true;true
420239;OPERADORA_NAO_IDENTIFICADA;;4;2024;6294728.30;false;true;true
415774;OPERADORA_NAO_IDENTIFICADA;;4;2024;1707003392.89;false;true;true
423874;OPERADORA_NAO_IDENTIFICADA;;4;2024;2635441.28;false;true;true
349712;OPERADORA_NAO_IDENTIFICADA;;4;2024;3541710317.56;false;true;true
000477;OPERADORA_NAO_IDENTIFICADA;;4;2024;13467871067.72;false;true;true
419061;OPERADORA_NAO_IDENTIFICADA;;4;2024;1906684.48;false;true;true
347302;OPERADORA_NAO_IDENTIFICADA;;4;2024;17092374.91;false;true;true
406414;OPERADORA_NAO_IDENTIFICADA;;4;2024;47777193.83;false;true;true
419991;OPERADORA_NAO_IDENTIFICADA;;4;2024;354668.24;false;true;true
423271;OPERADORA_NAO_IDENTIFICADA;;4;2024;89962426.48;false;true;true
337374;OPERADORA_NAO_IDENTIFICADA;;4;2024;2579028173.13;false;true;true
366340;OPERADORA_NAO_IDENTIFICADA;;4;2024;721462750.62;false;true;true
303356;OPERADORA_NAO_IDENTIFICADA;;4;2024;6157001002.82;false;true;true
411809;OPERADORA_NAO_IDENTIFICADA;;4;2024;125188058.67;false;true;true
301647;OPERADORA_NAO_IDENTIFICADA;;4;2024;8880657.66;false;true;true
423173;OPERADORA_NAO_IDENTIFICADA;;4;2024;2434872560.13;false;true;true
422941;OPERADORA_NAO_IDENTIFICADA;;4;2024;23204659.12;false;true;true
352314;OPERADORA_NAO_IDENTIFICADA;;4;2024;806774164.66;false;true;true
326305;OPERADORA_NAO_IDENTIFICADA;;4;2024;215480479608.59;false;true;true
343919;OPERADORA_NAO_IDENTIFICADA;;4;2024;12541448.69;false;true;true
362824;OPERADORA_NAO_IDENTIFICADA;;4;2024;8534466.31;false;true;true
303739;OPERADORA_NAO_IDENTIFICADA;;4;2024;1860219578.38;false;true;true
418439;OPERADORA_NAO_IDENTIFICADA;;4;2024;32804609.36;false;true;true
405582;OPERADORA_NAO_IDENTIFICADA;;4;2024;1843383.68;false;true;true
360414;OPERADORA_NAO_IDENTIFICADA;;4;2024;558442265.06;false;true;true
343064;OPERADORA_NAO_IDENTIFICADA;;4;2024;705077506.58;false;true;true
423645;OPERADORA_NAO_IDENTIFICADA;;4;2024;32837148.96;false;true;true
418030;OPERADORA_NAO_IDENTIFICADA;;4;2024;28372743.12;false;true;true
422878;OPERADORA_NAO_IDENTIFICADA;;4;2024;4977749.50;false;true;true
346659;OPERADORA_NAO_IDENTIFICADA;;4;2024;69100138916.58;false;true;true
386596;OPERADORA_NAO_IDENTIFICADA;;4;2024;1202084962.54;false;true;true
306762;OPERADORA_NAO_IDENTIFICADA;;4;2024;1865586300.60;false;true;true
417955;OPERADORA_NAO_IDENTIFICADA;;4;2024;654342759.63;false;true;true
417581;OPERADORA_NAO_IDENTIFICADA;;4;2024;89570608.82;false;true;true
421847;OPERADORA_NAO_IDENTIFICADA;;4;2024;8;false;true;true
402010;OPERADORA_NAO_IDENTIFICADA;;4;2024;23391936.48;false;true;true
419281;OPERADORA_NAO_IDENTIFICADA;;4;2024;405484391.09;false;true;true
324159;OPERADORA_NAO_IDENTIFICADA;;4;2024;678958641.56;false;true;true
418960;OPERADORA_NAO_IDENTIFICADA;;4;2024;335654931.46;false;true;true
401463;OPERADORA_NAO_IDENTIFICADA;;4;2024;18081423.04;false;true;true
420085;OPERADORA_NAO_IDENTIFICADA;;4;2024;200550414.88;false;true;true
349011;OPERADORA_NAO_IDENTIFICADA;;4;2024;31204225.60;false;true;true
353027;OPERADORA_NAO_IDENTIFICADA;;4;2024;905074040.30;false;true;true
320706;OPERADORA_NAO_IDENTIFICADA;;4;2024;4120612910.11;false;true;true
423327;OPERADORA_NAO_IDENTIFICADA;;4;2024;289785.52;false;true;true
326861;OPERADORA_NAO_IDENTIFICADA;;4;2024;3527925814.22;false;true;true
419818;OPERADORA_NAO_IDENTIFICADA;;4;2024;17990834.08;false;true;true
363855;OPERADORA_NAO_IDENTIFICADA;;4;2024;835774893.50;false;true;true
423262;OPERADORA_NAO_IDENTIFICADA;;4;2024;46493912.24;false;true;true
421146;OPERADORA_NAO_IDENTIFICADA;;4;2024;5350105.52;false;true;true
418161;OPERADORA_NAO_IDENTIFICADA;;4;2024;486201.12;false;true;true
342386;OPERADORA_NAO_IDENTIFICADA;;4;2024;479039908.74;false;true;true
358754;OPERADORA_NAO_IDENTIFICADA;;4;2024;778543598.41;false;true;true
325031;OPERADORA_NAO_IDENTIFICADA;;4;2024;751850442.74;false;true;true
322326;OPERADORA_NAO_IDENTIFICADA;;4;2024;920841101.92;false;true;true
371254;OPERADORA_NAO_IDENTIFICADA;;4;2024;8053557358.60;false;true;true
319180;OPERADORA_NAO_IDENTIFICADA;;4;2024;509526799.69;false;true;true
347655;OPERADORA_NAO_IDENTIFICADA;;4;2024;2034211245.25;false;true;true
335541;OPERADORA_NAO_IDENTIFICADA;;4;2024;698831458.86;false;true;true
424005;OPERADORA_NAO_IDENTIFICADA;;4;2024;8;false;true;true
304123;OPERADORA_NAO_IDENTIFICADA;;4;2024;834646515.94;false;true;true
410110;OPERADORA_NAO_IDENTIFICADA;;4;2024;510791947.79;false;true;true
414930;OPERADORA_NAO_IDENTIFICADA;;4;2024;820050744.29;false;true;true
345091;OPERADORA_NAO_IDENTIFICADA;;4;2024;964564258.19;false;true;true
348244;OPERADORA_NAO_IDENTIFICADA;;4;2024;1017956206.55;false;true;true
314668;OPERADORA_NAO_IDENTIFICADA;;4;2024;1938055678.28;false;true;true
418196;OPERADORA_NAO_IDENTIFICADA;;4;2024;382588.16;false;true;true
353892;OPERADORA_NAO_IDENTIFICADA;;4;2024;4672547.36;false;true;true
418986;OPERADORA_NAO_IDENTIFICADA;;4;2024;151074331.68;false;true;true
402206;OPERADORA_NAO_IDENTIFICADA;;4;2024;226766242.76;false;true;true
312592;OPERADORA_NAO_IDENTIFICADA;;4;2024;1258349022.33;false;true;true
424269;OPERADORA_NAO_IDENTIFICADA;;4;2024;67200;false;true;true
343765;OPERADORA_NAO_IDENTIFICADA;;4;2024;265512015.21;false;true;true
416410;OPERADORA_NAO_IDENTIFICADA;;4;2024;2949371.36;false;true;true
420786;OPERADORA_NAO_IDENTIFICADA;;4;2024;287427873.80;false;true;true
312363;OPERADORA_NAO_IDENTIFICADA;;4;2024;33894322870.02;false;true;true
423998;OPERADORA_NAO_IDENTIFICADA;;4;2024;8;false;true;true
421375;OPERADORA_NAO_IDENTIFICADA;;4;2024;1048855.92;false;true;true
423491;OPERADORA_NAO_IDENTIFICADA;;4;2024;183391.44;false;true;true
316148;OPERADORA_NAO_IDENTIFICADA;;4;2024;1666951182.17;false;true;true
413941;OPERADORA_NAO_IDENTIFICADA;;4;2024;92546954.24;false;true;true
349682;OPERADORA_NAO_IDENTIFICADA;;4;2024;2837970843.69;false;true;true
336467;OPERADORA_NAO_IDENTIFICADA;;4;2024;188872183.90;false;true;true
416193;OPERADORA_NAO_IDENTIFICADA;;4;2024;21577749.76;false;true;true
382540;OPERADORA_NAO_IDENTIFICADA;;4;2024;3396474385.22;false;true;true
417289;OPERADORA_NAO_IDENTIFICADA;;4;2024;1929868832.78;false;true;true
370681;OPERADORA_NAO_IDENTIFICADA;;4;2024;1842815402.19;false;true;true
344915;OPERADORA_NAO_IDENTIFICADA;;4;2024;402938652.45;false;true;true
335258;OPERADORA_NAO_IDENTIFICADA;;4;2024;298209241.49;false;true;true
331104;OPERADORA_NAO_IDENTIFICADA;;4;2024;45889954.99;false;true;true
327093;OPERADORA_NAO_IDENTIFICADA;;4;2024;68008067.53;false;true;true
303291;OPERADORA_NAO_IDENTIFICADA;;4;2024;8010999.68;false;true;true
421618;OPERADORA_NAO_IDENTIFICADA;;4;2024;58961076.86;false;true;true
351776;OPERADORA_NAO_IDENTIFICADA;;4;2024;407110986.44;false;true;true
357022;OPERADORA_NAO_IDENTIFICADA;;4;2024;1268874325.33;false;true;true
418731;OPERADORA_NAO_IDENTIFICADA;;4;2024;568320117.32;false;true;true
314315;OPERADORA_NAO_IDENTIFICADA;;4;2024;186545494.95;false;true;true
419729;OPERADORA_NAO_IDENTIFICADA;;4;2024;28183069.53;false;true;true
419150;OPERADORA_NAO_IDENTIFICADA;;4;2024;557519538.97;false;true;true
358436;OPERADORA_NAO_IDENTIFICADA;;4;2024;276898917.70;false;true;true
371777;OPERADORA_NAO_IDENTIFICADA;;4;2024;1500425895.72;false;true;true
315729;OPERADORA_NAO_IDENTIFICADA;;4;2024;5900864360.44;false;true;true
419052;OPERADORA_NAO_IDENTIFICADA;;4;2024;547240468.00;false;true;true
416835;OPERADORA_NAO_IDENTIFICADA;;4;2024;4098655.44;false;true;true
329886;OPERADORA_NAO_IDENTIFICADA;;4;2024;1019592988.68;false;true;true
321125;OPERADORA_NAO_IDENTIFICADA;;4;2024;234741147.46;false;true;true
421359;OPERADORA_NAO_IDENTIFICADA;;4;2024;164977505.95;false;true;true
406554;OPERADORA_NAO_IDENTIFICADA;;4;2024;4848572539.47;false;true;true
402966;OPERADORA_NAO_IDENTIFICADA;;4;2024;662622199.84;false;true;true
422151;OPERADORA_NAO_IDENTIFICADA;;4;2024;143205141.79;false;true;true
330108;OPERADORA_NAO_IDENTIFICADA;;4;2024;1191787356.13;false;true;true
311715;OPERADORA_NAO_IDENTIFICADA;;4;2024;1598756097.28;false;true;true
416398;OPERADORA_NAO_IDENTIFICADA;;4;2024;684260016.14;false;true;true
400556;OPERADORA_NAO_IDENTIFICADA;;4;2024;3409110.40;false;true;true
417611;OPERADORA_NAO_IDENTIFICADA;;4;2024;1105767.52;false;true;true
323268;OPERADORA_NAO_IDENTIFICADA;;4;2024;3591853054.19;false;true;true
423203;OPERADORA_NAO_IDENTIFICADA;;4;2024;57519766.44;false;true;true
422053;OPERADORA_NAO_IDENTIFICADA;;4;2024;344558093.58;false;true;true
407569;OPERADORA_NAO_IDENTIFICADA;;4;2024;67712452.80;false;true;true
418773;OPERADORA_NAO_IDENTIFICADA;;4;2024;134296.08;false;true;true
335754;OPERADORA_NAO_IDENTIFICADA;;4;2024;885568141.78;false;true;true
411248;OPERADORA_NAO_IDENTIFICADA;;4;2024;59061204.29;false;true;true
353663;OPERADORA_NAO_IDENTIFICADA;;4;2024;3696551594.59;false;true;true
369659;OPERADORA_NAO_IDENTIFICADA;;4;2024;6034046395.57;false;true;true
316849;OPERADORA_NAO_IDENTIFICADA;;4;2024;89895921.28;false;true;true
418927;OPERADORA_NAO_IDENTIFICADA;;4;2024;8;false;true;true
344681;OPERADORA_NAO_IDENTIFICADA;;4;2024;31871575.20;false;true;true
000582;OPERADORA_NAO_IDENTIFICADA;;4;2024;47847694856.19;false;true;true
344800;OPERADORA_NAO_IDENTIFICADA;;4;2024;2839367365.32;false;true;true
423084;OPERADORA_NAO_IDENTIFICADA;;4;2024;17738463.62;false;true;true
367397;OPERADORA_NAO_IDENTIFICADA;;4;2024;3504169439.61;false;true;true
407534;OPERADORA_NAO_IDENTIFICADA;;4;2024;44308327.76;false;true;true
403962;OPERADORA_NAO_IDENTIFICADA;;4;2024;1690698808.56;false;true;true
422584;OPERADORA_NAO_IDENTIFICADA;;4;2024;153630544.72;false;true;true
417548;OPERADORA_NAO_IDENTIFICADA;;4;2024;1750914935.45;false;true;true
353060;OPERADORA_NAO_IDENTIFICADA;;4;2024;2254613643.52;false;true;true
344583;OPERADORA_NAO_IDENTIFICADA;;4;2024;5255567.82;false;true;true
352501;OPERADORA_NAO_IDENTIFICADA;;4;2024;35304921033.77;false;true;true
324493;OPERADORA_NAO_IDENTIFICADA;;4;2024;1806896301.70;false;true;true
423939;OPERADORA_NAO_IDENTIFICADA;;4;2024;24;false;true;true
353698;OPERADORA_NAO_IDENTIFICADA;;4;2024;320737982.31;false;true;true
418226;OPERADORA_NAO_IDENTIFICADA;;4;2024;91543539.41;false;true;true
422738;OPERADORA_NAO_IDENTIFICADA;;4;2024;50204.75;false;true;true
423785;OPERADORA_NAO_IDENTIFICADA;;4;2024;22047846.68;false;true;true
415952;OPERADORA_NAO_IDENTIFICADA;;4;2024;11148068.16;false;true;true
423432;OPERADORA_NAO_IDENTIFICADA;;4;2024;15207731.74;false;true;true
409243;OPERADORA_NAO_IDENTIFICADA;;4;2024;1655214576.99;false;true;true
408794;OPERADORA_NAO_IDENTIFICADA;;4;2024;251353278.57;false;true;true
313751;OPERADORA_NAO_IDENTIFICADA;;4;2024;606036307.36;false;true;true
324710;OPERADORA_NAO_IDENTIFICADA;;4;2024;168224.20;false;true;true
419141;OPERADORA_NAO_IDENTIFICADA;;4;2024;1139897973.62;false;true;true
319350;OPERADORA_NAO_IDENTIFICADA;;4;2024;41713203.35;false;true;true
354619;OPERADORA_NAO_IDENTIFICADA;;4;2024;517723548.84;false;true;true
324299;OPERADORA_NAO_IDENTIFICADA;;4;2024;325512566.45;false;true;true
414701;OPERADORA_NAO_IDENTIFICADA;;4;2024;156130359.91;false;true;true
418072;OPERADORA_NAO_IDENTIFICADA;;4;2024;52797247.38;false;true;true
346276;OPERADORA_NAO_IDENTIFICADA;;4;2024;2886603442.38;false;true;true
387185;OPERADORA_NAO_IDENTIFICADA;;4;2024;223927200.78;false;true;true
419486;OPERADORA_NAO_IDENTIFICADA;;4;2024;576773643.75;false;true;true
418170;OPERADORA_NAO_IDENTIFICADA;;4;2024;2925477231.18;false;true;true
350371;OPERADORA_NAO_IDENTIFICADA;;4;2024;2267531249.70;false;true;true
330809;OPERADORA_NAO_IDENTIFICADA;;4;2024;810728564.75;false;true;true
422371;OPERADORA_NAO_IDENTIFICADA;;4;2024;107899416.78;false;true;true
348520;OPERADORA_NAO_IDENTIFICADA;;4;2024;10288839696.64;false;true;true
421324;OPERADORA_NAO_IDENTIFICADA;;4;2024;6208316.31;false;true;true
329339;OPERADORA_NAO_IDENTIFICADA;;4;2024;3908460865.47;false;true;true
415987;OPERADORA_NAO_IDENTIFICADA;;4;2024;72367779.01;false;true;true
423467;OPERADORA_NAO_IDENTIFICADA;;4;2024;3248100.16;false;true;true
338346;OPERADORA_NAO_IDENTIFICADA;;4;2024;778458851.11;false;true;true
421740;OPERADORA_NAO_IDENTIFICADA;;4;2024;101972694.24;false;true;true
419958;OPERADORA_NAO_IDENTIFICADA;;4;2024;404211272.45;false;true;true
317896;OPERADORA_NAO_IDENTIFICADA;;4;2024;945611332.94;false;true;true
422088;OPERADORA_NAO_IDENTIFICADA;;4;2024;74846563.91;false;true;true
343129;OPERADORA_NAO_IDENTIFICADA;;4;2024;269575240.95;false;true;true
335789;OPERADORA_NAO_IDENTIFICADA;;4;2024;319269721.88;false;true;true
331651;OPERADORA_NAO_IDENTIFICADA;;4;2024;1075761315.79;false;true;true
327689;OPERADORA_NAO_IDENTIFICADA;;4;2024;9142016001.35;false;true;true
421642;OPERADORA_NAO_IDENTIFICADA;;4;2024;2675959.92;false;true;true
388092;OPERADORA_NAO_IDENTIFICADA;;4;2024;122293062.10;false;true;true
414921;OPERADORA_NAO_IDENTIFICADA;;4;2024;36379764.40;false;true;true
343269;OPERADORA_NAO_IDENTIFICADA;;4;2024;9536147424.64;false;true;true
370592;OPERADORA_NAO_IDENTIFICADA;;4;2024;208860606.04;false;true;true
310107;OPERADORA_NAO_IDENTIFICADA;;4;2024;9101294.42;false;true;true
323993;OPERADORA_NAO_IDENTIFICADA;;4;2024;1976132737.39;false;true;true
312720;OPERADORA_NAO_IDENTIFICADA;;4;2024;6390595095.35;false;true;true
336025;OPERADORA_NAO_IDENTIFICADA;;4;2024;6839290.51;false;true;true
414573;OPERADORA_NAO_IDENTIFICADA;;4;2024;620696957.08;false;true;true
334847;OPERADORA_NAO_IDENTIFICADA;;4;2024;305021822.10;false;true;true
424145;OPERADORA_NAO_IDENTIFICADA;;4;2024;711706.80;false;true;true
317632;OPERADORA_NAO_IDENTIFICADA;;4;2024;3222378359.15;false;true;true
421006;OPERADORA_NAO_IDENTIFICADA;;4;2024;527866450.82;false;true;true
303267;OPERADORA_NAO_IDENTIFICADA;;4;2024;4130097593.16;false;true;true
415260;OPERADORA_NAO_IDENTIFICADA;;4;2024;10718012.85;false;true;true
421707;OPERADORA_NAO_IDENTIFICADA;;4;2024;131283931.70;false;true;true
419869;OPERADORA_NAO_IDENTIFICADA;;4;2024;41708026.80;false;true;true
420964;OPERADORA_NAO_IDENTIFICADA;;4;2024;32433144.32;false;true;true
422932;OPERADORA_NAO_IDENTIFICADA;;4;2024;32289674.24;false;true;true
417602;OPERADORA_NAO_IDENTIFICADA;;4;2024;120091137.28;false;true;true
417831;OPERADORA_NAO_IDENTIFICADA;;4;2024;57939690.44;false;true;true
413348;OPERADORA_NAO_IDENTIFICADA;;4;2024;8639090.32;false;true;true
313807;OPERADORA_NAO_IDENTIFICADA;;4;2024;24382575.28;false;true;true
343676;OPERADORA_NAO_IDENTIFICADA;;4;2024;737061629.44;false;true;true
422703;OPERADORA_NAO_IDENTIFICADA;;4;2024;3711704.48;false;true;true
410888;OPERADORA_NAO_IDENTIFICADA;;4;2024;267677174.72;false;true;true
000701;OPERADORA_NAO_IDENTIFICADA;;4;2024;47672263777.46;false;true;true
324175;OPERADORA_NAO_IDENTIFICADA;;4;2024;381487306.24;false;true;true
300730;OPERADORA_NAO_IDENTIFICADA;;4;2024;78829186.65;false;true;true
360449;OPERADORA_NAO_IDENTIFICADA;;4;2024;13813032767.61;false;true;true
333662;OPERADORA_NAO_IDENTIFICADA;;4;2024;2031072692.22;false;true;true
305740;OPERADORA_NAO_IDENTIFICADA;;4;2024;9150336.88;false;true;true
353752;OPERADORA_NAO_IDENTIFICADA;;4;2024;40337722.00;false;true;true
408093;OPERADORA_NAO_IDENTIFICADA;;4;2024;46851711.33;false;true;true
314757;OPERADORA_NAO_IDENTIFICADA;;4;2024;9017071.52;false;true;true
364584;OPERADORA_NAO_IDENTIFICADA;;4;2024;5959629776.74;false;true;true
347108;OPERADORA_NAO_IDENTIFICADA;;4;2024;605905080.61;false;true;true
370975;OPERADORA_NAO_IDENTIFICADA;;4;2024;550354969.87;false;true;true
320510;OPERADORA_NAO_IDENTIFICADA;;4;2024;807637644.42;false;true;true
421081;OPERADORA_NAO_IDENTIFICADA;;4;2024;13398255.28;false;true;true
410624;OPERADORA_NAO_IDENTIFICADA;;4;2024;119676508.96;false;true;true
357260;OPERADORA_NAO_IDENTIFICADA;;4;2024;2392963462.43;false;true;true
415898;OPERADORA_NAO_IDENTIFICADA;;4;2024;15844392.17;false;true;true
357669;OPERADORA_NAO_IDENTIFICADA;;4;2024;221662870.26;false;true;true
005711;OPERADORA_NAO_IDENTIFICADA;;4;2024;309640735544.25;false;true;true
337668;OPERADORA_NAO_IDENTIFICADA;;4;2024;5304388476.25;false;true;true
422240;OPERADORA_NAO_IDENTIFICADA;;4;2024;1478839.28;false;true;true
406937;OPERADORA_NAO_IDENTIFICADA;;4;2024;183485301.79;false;true;true
359033;OPERADORA_NAO_IDENTIFICADA;;4;2024;420343669.44;false;true;true
370711;OPERADORA_NAO_IDENTIFICADA;;4;2024;65627324.03;false;true;true
374440;OPERADORA_NAO_IDENTIFICADA;;4;2024;1338860320.14;false;true;true
323357;OPERADORA_NAO_IDENTIFICADA;;4;2024;766054504.83;false;true;true
365777;OPERADORA_NAO_IDENTIFICADA;;4;2024;837857675.22;false;true;true
339954;OPERADORA_NAO_IDENTIFICADA;;4;2024;10948405190.66;false;true;true
419010;OPERADORA_NAO_IDENTIFICADA;;4;2024;3698530363.80;false;true;true
423521;OPERADORA_NAO_IDENTIFICADA;;4;2024;8;false;true;true
330281;OPERADORA_NAO_IDENTIFICADA;;4;2024;483496214.10;false;true;true
322831;OPERADORA_NAO_IDENTIFICADA;;4;2024;976347946.47;false;true;true
421553;OPERADORA_NAO_IDENTIFICADA;;4;2024;12925990.23;false;true;true
323004;OPERADORA_NAO_IDENTIFICADA;;4;2024;245682509.64;false;true;true
421871;OPERADORA_NAO_IDENTIFICADA;;4;2024;102848355.42;false;true;true
306045;OPERADORA_NAO_IDENTIFICADA;;4;2024;576904970.69;false;true;true
423556;OPERADORA_NAO_IDENTIFICADA;;4;2024;1538821.12;false;true;true
420999;OPERADORA_NAO_IDENTIFICADA;;4;2024;170418535.33;false;true;true
350699;OPERADORA_NAO_IDENTIFICADA;;4;2024;882907447.14;false;true;true
418200;OPERADORA_NAO_IDENTIFICADA;;4;2024;26209704.89;false;true;true
331341;OPERADORA_NAO_IDENTIFICADA;;4;2024;2122397310.01;false;true;true
347736;OPERADORA_NAO_IDENTIFICADA;;4;2024;446122300.51;false;true;true
340120;OPERADORA_NAO_IDENTIFICADA;;4;2024;43875969.89;false;true;true
312282;OPERADORA_NAO_IDENTIFICADA;;4;2024;404881928.65;false;true;true
339636;OPERADORA_NAO_IDENTIFICADA;;4;2024;747949815.63;false;true;true
300195;OPERADORA_NAO_IDENTIFICADA;;4;2024;13602139.12;false;true;true
354686;OPERADORA_NAO_IDENTIFICADA;;4;2024;49740605.69;false;true;true
335517;OPERADORA_NAO_IDENTIFICADA;;4;2024;858669971.58;false;true;true
360244;OPERADORA_NAO_IDENTIFICADA;;4;2024;2648031478.34;false;true;true
359289;OPERADORA_NAO_IDENTIFICADA;;4;2024;2721322250.22;false;true;true
407241;OPERADORA_NAO_IDENTIFICADA;;4;2024;10731328.24;false;true;true
421197;OPERADORA_NAO_IDENTIFICADA;;4;2024;887639619.90;false;true;true
345458;OPERADORA_NAO_IDENTIFICADA;;4;2024;733336072.19;false;true;true
351792;OPERADORA_NAO_IDENTIFICADA;;4;2024;1087675337.57;false;true;true
348261;OPERADORA_NAO_IDENTIFICADA;;4;2024;530140053.75;false;true;true
417785;OPERADORA_NAO_IDENTIFICADA;;4;2024;15908390.56;false;true;true
422991;OPERADORA_NAO_IDENTIFICADA;;4;2024;2253507.88;false;true;true
370088;OPERADORA_NAO_IDENTIFICADA;;4;2024;876178911.74;false;true;true
333808;OPERADORA_NAO_IDENTIFICADA;;4;2024;670507913.14;false;true;true
319996;OPERADORA_NAO_IDENTIFICADA;;4;2024;13024191549.82;false;true;true
333051;OPERADORA_NAO_IDENTIFICADA;;4;2024;3062017337.83;false;true;true
325082;OPERADORA_NAO_IDENTIFICADA;;4;2024;158674685.67;false;true;true
304531;OPERADORA_NAO_IDENTIFICADA;;4;2024;140248032.90;false;true;true
389854;OPERADORA_NAO_IDENTIFICADA;;4;2024;208601300.64;false;true;true
384704;OPERADORA_NAO_IDENTIFICADA;;4;2024;317362043.20;false;true;true
336874;OPERADORA_NAO_IDENTIFICADA;;4;2024;32181701.33;false;true;true
392804;OPERADORA_NAO_IDENTIFICADA;;4;2024;4158936576.18;false;true;true
372561;OPERADORA_NAO_IDENTIFICADA;;4;2024;865121023.85;false;true;true
418137;OPERADORA_NAO_IDENTIFICADA;;4;2024;268615403.71;false;true;true
423343;OPERADORA_NAO_IDENTIFICADA;;4;2024;21510959.28;false;true;true
313149;OPERADORA_NAO_IDENTIFICADA;;4;2024;203495156.64;false;true;true
347507;OPERADORA_NAO_IDENTIFICADA;;4;2024;2059305007.97;false;true;true
382876;OPERADORA_NAO_IDENTIFICADA;;4;2024;24058076336.29;false;true;true
357511;OPERADORA_NAO_IDENTIFICADA;;4;2024;9885756090.21;false;true;true
371106;OPERADORA_NAO_IDENTIFICADA;;4;2024;2406357914.87;false;true;true
415910;OPERADORA_NAO_IDENTIFICADA;;4;2024;26156593.68;false;true;true
419231;OPERADORA_NAO_IDENTIFICADA;;4;2024;42496058.48;false;true;true
325236;OPERADORA_NAO_IDENTIFICADA;;4;2024;901360713.11;false;true;true
419168;OPERADORA_NAO_IDENTIFICADA;;4;2024;12495404.14;false;true;true
337871;OPERADORA_NAO_IDENTIFICADA;;4;2024;1859698846.20;false;true;true
419613;OPERADORA_NAO_IDENTIFICADA;;4;2024;333522.48;false;true;true
342203;OPERADORA_NAO_IDENTIFICADA;;4;2024;234348896.68;false;true;true
359726;OPERADORA_NAO_IDENTIFICADA;;4;2024;5453872.32;false;true;true
413194;OPERADORA_NAO_IDENTIFICADA;;4;2024;114090466.72;false;true;true
416428;OPERADORA_NAO_IDENTIFICADA;;4;2024;5246117125.21;false;true;true
314242;OPERADORA_NAO_IDENTIFICADA;;4;2024;439393881.57;false;true;true
364592;OPERADORA_NAO_IDENTIFICADA;;4;2024;483478314.14;false;true;true
006246;OPERADORA_NAO_IDENTIFICADA;;4;2024;237238124131.39;false;true;true
417301;OPERADORA_NAO_IDENTIFICADA;;4;2024;307761381.72;false;true;true
421634;OPERADORA_NAO_IDENTIFICADA;;4;2024;42413130.08;false;true;true
304468;OPERADORA_NAO_IDENTIFICADA;;4;2024;1256176288.40;false;true;true
406813;OPERADORA_NAO_IDENTIFICADA;;4;2024;64395681.47;false;true;true
322890;OPERADORA_NAO_IDENTIFICADA;;4;2024;92807166.99;false;true;true
301949;OPERADORA_NAO_IDENTIFICADA;;4;2024;13004934674.68;false;true;true
335592;OPERADORA_NAO_IDENTIFICADA;;4;2024;11689773396.41;false;true;true
000515;OPERADORA_NAO_IDENTIFICADA;;4;2024;708068265.92;false;true;true
302953;OPERADORA_NAO_IDENTIFICADA;;4;2024;4487072919.24;false;true;true
423815;OPERADORA_NAO_IDENTIFICADA;;4;2024;1806438.00;false;true;true
335690;OPERADORA_NAO_IDENTIFICADA;;4;2024;32456212294.03;false;true;true
412635;OPERADORA_NAO_IDENTIFICADA;;4;2024;346184116.54;false;true;true
419133;OPERADORA_NAO_IDENTIFICADA;;4;2024;4057889506.35;false;true;true
383929;OPERADORA_NAO_IDENTIFICADA;;4;2024;39820033.28;false;true;true
422061;OPERADORA_NAO_IDENTIFICADA;;4;2024;8;false;true;true
419931;OPERADORA_NAO_IDENTIFICADA;;4;2024;3517307.60;false;true;true
351202;OPERADORA_NAO_IDENTIFICADA;;4;2024;8373605998.92;false;true;true
344141;OPERADORA_NAO_IDENTIFICADA;;4;2024;90318175.57;false;true;true
418749;OPERADORA_NAO_IDENTIFICADA;;4;2024;83014941.61;false;true;true
346870;OPERADORA_NAO_IDENTIFICADA;;4;2024;203811970.01;false;true;true
422673;OPERADORA_NAO_IDENTIFICADA;;4;2024;6202477.28;false;true;true
325465;OPERADORA_NAO_IDENTIFICADA;;4;2024;345285021.10;false;true;true
313084;OPERADORA_NAO_IDENTIFICADA;;4;2024;498486740.51;false;true;true
401919;OPERADORA_NAO_IDENTIFICADA;;4;2024;4456602.24;false;true;true
330566;OPERADORA_NAO_IDENTIFICADA;;4;2024;1497120505.80;false;true;true
421545;OPERADORA_NAO_IDENTIFICADA;;4;2024;1376499.34;false;true;true
314366;OPERADORA_NAO_IDENTIFICADA;;4;2024;54718748.90;false;true;true
421391;OPERADORA_NAO_IDENTIFICADA;;4;2024;3295852.24;false;true;true
352519;OPERADORA_NAO_IDENTIFICADA;;4;2024;254940430.33;false;true;true
301124;OPERADORA_NAO_IDENTIFICADA;;4;2024;530416854.68;false;true;true
307751;OPERADORA_NAO_IDENTIFICADA;;4;2024;1131704493.93;false;true;true
316881;OPERADORA_NAO_IDENTIFICADA;;4;2024;1328084830.37;false;true;true
423661;OPERADORA_NAO_IDENTIFICADA;;4;2024;155293605.36;false;true;true
327867;OPERADORA_NAO_IDENTIFICADA;;4;2024;40972684.72;false;true;true
411582;OPERADORA_NAO_IDENTIFICADA;;4;2024;643422909.37;false;true;true
418048;OPERADORA_NAO_IDENTIFICADA;;4;2024;3839037.32;false;true;true
347825;OPERADORA_NAO_IDENTIFICADA;;4;2024;174135049.73;false;true;true
366510;OPERADORA_NAO_IDENTIFICADA;;4;2024;7718625.20;false;true;true
333689;OPERADORA_NAO_IDENTIFICADA;;4;2024;1947561166.97;false;true;true
320251;OPERADORA_NAO_IDENTIFICADA;;4;2024;2564721812.64;false;true;true
422771;OPERADORA_NAO_IDENTIFICADA;;4;2024;792431990.87;false;true;true
349534;OPERADORA_NAO_IDENTIFICADA;;4;2024;1515329484.13;false;true;true
418595;OPERADORA_NAO_IDENTIFICADA;;4;2024;8451610.00;false;true;true
350346;OPERADORA_NAO_IDENTIFICADA;;4;2024;357937567.46;false;true;true
342556;OPERADORA_NAO_IDENTIFICADA;;4;2024;3646993925.41;false;true;true
415821;OPERADORA_NAO_IDENTIFICADA;;4;2024;1662581.76;false;true;true
423114;OPERADORA_NAO_IDENTIFICADA;;4;2024;31026822.24;false;true;true
311944;OPERADORA_NAO_IDENTIFICADA;;4;2024;343778371.22;false;true;true
418013;OPERADORA_NAO_IDENTIFICADA;;4;2024;23889567.04;false;true;true
422339;OPERADORA_NAO_IDENTIFICADA;;4;2024;3229918623.10;false;true;true
422304;OPERADORA_NAO_IDENTIFICADA;;4;2024;75584938.16;false;true;true
343331;OPERADORA_NAO_IDENTIFICADA;;4;2024;687345995.51;false;true;true
403997;OPERADORA_NAO_IDENTIFICADA;;4;2024;14575535.52;false;true;true
340251;OPERADORA_NAO_IDENTIFICADA;;4;2024;664621013.18;false;true;true
353876;OPERADORA_NAO_IDENTIFICADA;;4;2024;355128644.93;false;true;true
327638;OPERADORA_NAO_IDENTIFICADA;;4;2024;183646186.84;false;true;true
403245;OPERADORA_NAO_IDENTIFICADA;;4;2024;19455563.81;false;true;true
418901;OPERADORA_NAO_IDENTIFICADA;;4;2024;1540562.00;false;true;true
413283;OPERADORA_NAO_IDENTIFICADA;;4;2024;120993552.60;false;true;true
342084;OPERADORA_NAO_IDENTIFICADA;;4;2024;14118553146.07;false;true;true
410071;OPERADORA_NAO_IDENTIFICADA;;4;2024;5448037.92;false;true;true
358096;OPERADORA_NAO_IDENTIFICADA;;4;2024;977198143.96;false;true;true
370568;OPERADORA_NAO_IDENTIFICADA;;4;2024;119610462.20;false;true;true
414310;OPERADORA_NAO_IDENTIFICADA;;4;2024;1134606903.85;false;true;true
420859;OPERADORA_NAO_IDENTIFICADA;;4;2024;256014100.19;false;true;true
417874;OPERADORA_NAO_IDENTIFICADA;;4;2024;3053483.84;false;true;true
419559;OPERADORA_NAO_IDENTIFICADA;;4;2024;20188502.92;false;true;true
418803;OPERADORA_NAO_IDENTIFICADA;;4;2024;945744717.73;false;true;true
422827;OPERADORA_NAO_IDENTIFICADA;;4;2024;293026104.84;false;true;true
415081;OPERADORA_NAO_IDENTIFICADA;;4;2024;47943446.24;false;true;true
414212;OPERADORA_NAO_IDENTIFICADA;;4;2024;242229928.31;false;true;true
312347;OPERADORA_NAO_IDENTIFICADA;;4;2024;1688373591.94;false;true;true
384577;OPERADORA_NAO_IDENTIFICADA;;4;2024;7283359512.13;false;true;true
351628;OPERADORA_NAO_IDENTIFICADA;;4;2024;5070162.95;false;true;true
350290;OPERADORA_NAO_IDENTIFICADA;;4;2024;15355039.73;false;true;true
419524;OPERADORA_NAO_IDENTIFICADA;;4;2024;49867425.71;false;true;true
000884;OPERADORA_NAO_IDENTIFICADA;;4;2024;3137066798.41;false;true;true
379280;OPERADORA_NAO_IDENTIFICADA;;4;2024;1982761431.23;false;true;true
415936;OPERADORA_NAO_IDENTIFICADA;;4;2024;321436338.59;false;true;true
414654;OPERADORA_NAO_IDENTIFICADA;;4;2024;253217105.76;false;true;true
336238;OPERADORA_NAO_IDENTIFICADA;;4;2024;4615553.52;false;true;true
338648;OPERADORA_NAO_IDENTIFICADA;;4;2024;1633213079.02;false;true;true
417114;OPERADORA_NAO_IDENTIFICADA;;4;2024;9372069.84;false;true;true
423700;OPERADORA_NAO_IDENTIFICADA;;4;2024;9285833.84;false;true;true
384844;OPERADORA_NAO_IDENTIFICADA;;4;2024;857591.28;false;true;true
418242;OPERADORA_NAO_IDENTIFICADA;;4;2024;4381597.36;false;true;true
345598;OPERADORA_NAO_IDENTIFICADA;;4;2024;2099175272.03;false;true;true
319121;OPERADORA_NAO_IDENTIFICADA;;4;2024;5423535160.76;false;true;true
413372;OPERADORA_NAO_IDENTIFICADA;;4;2024;1046715557.97;false;true;true
423637;OPERADORA_NAO_IDENTIFICADA;;4;2024;11327466.48;false;true;true
353264;OPERADORA_NAO_IDENTIFICADA;;4;2024;653373534.10;false;true;true
343889;OPERADORA_NAO_IDENTIFICADA;;4;2024;57235567766.85;false;true;true
409413;OPERADORA_NAO_IDENTIFICADA;;4;2024;113089581.93;false;true;true
424218;OPERADORA_NAO_IDENTIFICADA;;4;2024;38964.24;false;true;true
310131;OPERADORA_NAO_IDENTIFICADA;;4;2024;21420900.24;false;true;true
328537;OPERADORA_NAO_IDENTIFICADA;;4;2024;1875185413.07;false;true;true
424064;OPERADORA_NAO_IDENTIFICADA;;4;2024;9726256.16;false;true;true
329665;OPERADORA_NAO_IDENTIFICADA;;4;2024;334702043.91;false;true;true
419257;OPERADORA_NAO_IDENTIFICADA;;4;2024;9656871.63;false;true;true
405671;OPERADORA_NAO_IDENTIFICADA;;4;2024;2832295.92;false;true;true
423483;OPERADORA_NAO_IDENTIFICADA;;4;2024;26630132.33;false;true;true
417149;OPERADORA_NAO_IDENTIFICADA;;4;2024;5074779.60;false;true;true
424099;OPERADORA_NAO_IDENTIFICADA;;4;2024;8;false;true;true
317144;OPERADORA_NAO_IDENTIFICADA;;4;2024;24589864399.60;false;true;true
418277;OPERADORA_NAO_IDENTIFICADA;;4;2024;16513836.40;false;true;true
359661;OPERADORA_NAO_IDENTIFICADA;;4;2024;21234835678.06;false;true;true
347477;OPERADORA_NAO_IDENTIFICADA;;4;2024;43698163.52;false;true;true
417661;OPERADORA_NAO_IDENTIFICADA;;4;2024;617802561.49;false;true;true
319708;OPERADORA_NAO_IDENTIFICADA;;4;2024;3201860265.82;false;true;true
352683;OPERADORA_NAO_IDENTIFICADA;;4;2024;2791338889.49;false;true;true
419851;OPERADORA_NAO_IDENTIFICADA;;4;2024;94662408.89;false;true;true
311294;OPERADORA_NAO_IDENTIFICADA;;4;2024;1809079662.43;false;true;true
422355;OPERADORA_NAO_IDENTIFICADA;;4;2024;30264074.88;false;true;true
415782;OPERADORA_NAO_IDENTIFICADA;;4;2024;3874469.76;false;true;true
354511;OPERADORA_NAO_IDENTIFICADA;;4;2024;1445955332.80;false;true;true
304344;OPERADORA_NAO_IDENTIFICADA;;4;2024;844145451.98;false;true;true
361461;OPERADORA_NAO_IDENTIFICADA;;4;2024;762107013.49;false;true;true
305472;OPERADORA_NAO_IDENTIFICADA;;4;2024;1378301782.10;false;true;true
414981;OPERADORA_NAO_IDENTIFICADA;;4;2024;5528442.16;false;true;true
416568;OPERADORA_NAO_IDENTIFICADA;;4;2024;1522113741.22;false;true;true
400572;OPERADORA_NAO_IDENTIFICADA;;4;2024;19269923.60;false;true;true
417343;OPERADORA_NAO_IDENTIFICADA;;4;2024;2487363.44;false;true;true
358339;OPERADORA_NAO_IDENTIFICADA;;4;2024;105021651.28;false;true;true
419028;OPERADORA_NAO_IDENTIFICADA;;4;2024;48170637.47;false;true;true
342343;OPERADORA_NAO_IDENTIFICADA;;4;2024;1026425166.00;false;true;true
416690;OPERADORA_NAO_IDENTIFICADA;;4;2024;649240254.42;false;true;true
412015;OPERADORA_NAO_IDENTIFICADA;;4;2024;54669206.00;false;true;true
419753;OPERADORA_NAO_IDENTIFICADA;;4;2024;115991489.30;false;true;true
321087;OPERADORA_NAO_IDENTIFICADA;;4;2024;591374426.29;false;true;true
420247;OPERADORA_NAO_IDENTIFICADA;;4;2024;9771726.24;false;true;true
421120;OPERADORA_NAO_IDENTIFICADA;;4;2024;114973717.14;false;true;true
315265;OPERADORA_NAO_IDENTIFICADA;;4;2024;785107157.19;false;true;true
417441;OPERADORA_NAO_IDENTIFICADA;;4;2024;38819913.36;false;true;true
420093;OPERADORA_NAO_IDENTIFICADA;;4;2024;39098968.66;false;true;true
315583;OPERADORA_NAO_IDENTIFICADA;;4;2024;436393672.40;false;true;true
328308;OPERADORA_NAO_IDENTIFICADA;;4;2024;426166475.98;false;true;true
364070;OPERADORA_NAO_IDENTIFICADA;;4;2024;340294334.15;false;true;true
403911;OPERADORA_NAO_IDENTIFICADA;;4;2024;11245476064.51;false;true;true
344788;OPERADORA_NAO_IDENTIFICADA;;4;2024;164111219.69;false;true;true
351270;OPERADORA_NAO_IDENTIFICADA;;4;2024;317848472.60;false;true;true
406481;OPERADORA_NAO_IDENTIFICADA;;4;2024;2620541784.49;false;true;true
418340;OPERADORA_NAO_IDENTIFICADA;;4;2024;188449.68;false;true;true
417815;OPERADORA_NAO_IDENTIFICADA;;4;2024;1196467434.83;false;true;true
422851;OPERADORA_NAO_IDENTIFICADA;;4;2024;10575811.63;false;true;true
421952;OPERADORA_NAO_IDENTIFICADA;;4;2024;5686157.68;false;true;true
319872;OPERADORA_NAO_IDENTIFICADA;;4;2024;49442249.50;false;true;true
306754;OPERADORA_NAO_IDENTIFICADA;;4;2024;512277845.26;false;true;true
361615;OPERADORA_NAO_IDENTIFICADA;;4;2024;1067546517.90;false;true;true
324477;OPERADORA_NAO_IDENTIFICADA;;4;2024;3183095382.43;false;true;true
421812;OPERADORA_NAO_IDENTIFICADA;;4;2024;19087308.88;false;true;true
422631;OPERADORA_NAO_IDENTIFICADA;;4;2024;9101569453.30;false;true;true
419982;OPERADORA_NAO_IDENTIFICADA;;4;2024;12112;false;true;true
315494;OPERADORA_NAO_IDENTIFICADA;;4;2024;357962881.24;false;true;true
347795;OPERADORA_NAO_IDENTIFICADA;;4;2024;115960318.68;false;true;true
415057;OPERADORA_NAO_IDENTIFICADA;;4;2024;980371.52;false;true;true
315648;OPERADORA_NAO_IDENTIFICADA;;4;2024;450443919.50;false;true;true
410608;OPERADORA_NAO_IDENTIFICADA;;4;2024;141653291.25;false;true;true
323055;OPERADORA_NAO_IDENTIFICADA;;4;2024;623418832.47;false;true;true
420123;OPERADORA_NAO_IDENTIFICADA;;4;2024;79634360.82;false;true;true
331988;OPERADORA_NAO_IDENTIFICADA;;4;2024;5051515215.17;false;true;true
422070;OPERADORA_NAO_IDENTIFICADA;;4;2024;652658657.14;false;true;true
422533;OPERADORA_NAO_IDENTIFICADA;;4;2024;6275188.56;false;true;true
420794;OPERADORA_NAO_IDENTIFICADA;;4;2024;9609085.44;false;true;true
331317;OPERADORA_NAO_IDENTIFICADA;;4;2024;3783162209.00;false;true;true
417530;OPERADORA_NAO_IDENTIFICADA;;4;2024;3774700243.26;false;true;true
415693;OPERADORA_NAO_IDENTIFICADA;;4;2024;1334610540.27;false;true;true
421405;OPERADORA_NAO_IDENTIFICADA;;4;2024;1014559978.16;false;true;true
422126;OPERADORA_NAO_IDENTIFICADA;;4;2024;191804904.71;false;true;true
333867;OPERADORA_NAO_IDENTIFICADA;;4;2024;122036401.23;false;true;true
363286;OPERADORA_NAO_IDENTIFICADA;;4;2024;551639625.59;false;true;true
317233;OPERADORA_NAO_IDENTIFICADA;;4;2024;3423152653.32;false;true;true
340782;OPERADORA_NAO_IDENTIFICADA;;4;2024;8685941935.53;false;true;true
421286;OPERADORA_NAO_IDENTIFICADA;;4;2024;79167868.80;false;true;true
420158;OPERADORA_NAO_IDENTIFICADA;;4;2024;994228859.90;false;true;true
406635;OPERADORA_NAO_IDENTIFICADA;;4;2024;78324199.31;false;true;true
414425;OPERADORA_NAO_IDENTIFICADA;;4;2024;164727.20;false;true;true
419435;OPERADORA_NAO_IDENTIFICADA;;4;2024;38132773.60;false;true;true
418307;OPERADORA_NAO_IDENTIFICADA;;4;2024;1430223.28;false;true;true
312321;OPERADORA_NAO_IDENTIFICADA;;4;2024;33004627.63;false;true;true
302147;OPERADORA_NAO_IDENTIFICADA;;4;2024;59711376964.64;false;true;true
424129;OPERADORA_NAO_IDENTIFICADA;;4;2024;1204720650.48;false;true;true
366064;OPERADORA_NAO_IDENTIFICADA;;4;2024;719841578.28;false;true;true
419290;OPERADORA_NAO_IDENTIFICADA;;4;2024;524071806.33;false;true;true
417696;OPERADORA_NAO_IDENTIFICADA;;4;2024;33762429.04;false;true;true
324566;OPERADORA_NAO_IDENTIFICADA;;4;2024;1045656960.75;false;true;true
422860;OPERADORA_NAO_IDENTIFICADA;;4;2024;514365.84;false;true;true
328294;OPERADORA_NAO_IDENTIFICADA;;4;2024;1294055132.73;false;true;true
303976;OPERADORA_NAO_IDENTIFICADA;;4;2024;14838673948.09;false;true;true
422762;OPERADORA_NAO_IDENTIFICADA;;4;2024;1032584876.33;false;true;true
419907;OPERADORA_NAO_IDENTIFICADA;;4;2024;33798465.86;false;true;true
421723;OPERADORA_NAO_IDENTIFICADA;;4;2024;34816192.46;false;true;true
423408;OPERADORA_NAO_IDENTIFICADA;;4;2024;28878198.08;false;true;true
324213;OPERADORA_NAO_IDENTIFICADA;;4;2024;94431025.60;false;true;true
419699;OPERADORA_NAO_IDENTIFICADA;;4;2024;360431569.59;false;true;true
418625;OPERADORA_NAO_IDENTIFICADA;;4;2024;2828275.36;false;true;true
303623;OPERADORA_NAO_IDENTIFICADA;;4;2024;7321368567.94;false;true;true
422479;OPERADORA_NAO_IDENTIFICADA;;4;2024;22928304.00;false;true;true
414689;OPERADORA_NAO_IDENTIFICADA;;4;2024;31188914.40;false;true;true
390259;OPERADORA_NAO_IDENTIFICADA;;4;2024;94013879.33;false;true;true
415901;OPERADORA_NAO_IDENTIFICADA;;4;2024;19463652.46;false;true;true
368920;OPERADORA_NAO_IDENTIFICADA;;4;2024;844810091.04;false;true;true
343153;OPERADORA_NAO_IDENTIFICADA;;4;2024;213298318.25;false;true;true
401480;OPERADORA_NAO_IDENTIFICADA;;4;2024;219813352.28;false;true;true
314871;OPERADORA_NAO_IDENTIFICADA;;4;2024;37759190.58;false;true;true
316458;OPERADORA_NAO_IDENTIFICADA;;4;2024;247992086.16;false;true;true
421758;OPERADORA_NAO_IDENTIFICADA;;4;2024;392474.24;false;true;true
305626;OPERADORA_NAO_IDENTIFICADA;;4;2024;439958140.99;false;true;true
422797;OPERADORA_NAO_IDENTIFICADA;;4;2024;8;false;true;true
423726;OPERADORA_NAO_IDENTIFICADA;;4;2024;952013.92;false;true;true
415111;OPERADORA_NAO_IDENTIFICADA;;4;2024;2102075602.30;false;true;true
421332;OPERADORA_NAO_IDENTIFICADA;;4;2024;12190343.92;false;true;true
409286;OPERADORA_NAO_IDENTIFICADA;;4;2024;10675969.52;false;true;true
423742;OPERADORA_NAO_IDENTIFICADA;;4;2024;2059126.96;false;true;true
408026;OPERADORA_NAO_IDENTIFICADA;;4;2024;57630300.09;false;true;true
413330;OPERADORA_NAO_IDENTIFICADA;;4;2024;383841070.38;false;true;true
393533;OPERADORA_NAO_IDENTIFICADA;;4;2024;128120978.98;false;true;true
420280;OPERADORA_NAO_IDENTIFICADA;;4;2024;32281409.08;false;true;true
423076;OPERADORA_NAO_IDENTIFICADA;;4;2024;14130484.00;false;true;true
414492;OPERADORA_NAO_IDENTIFICADA;;4;2024;2414947807.52;false;true;true
318566;OPERADORA_NAO_IDENTIFICADA;;4;2024;1311217281.07;false;true;true
418501;OPERADORA_NAO_IDENTIFICADA;;4;2024;131471565.27;false;true;true
422592;OPERADORA_NAO_IDENTIFICADA;;4;2024;38523841.69;false;true;true
368181;OPERADORA_NAO_IDENTIFICADA;;4;2024;6138574.28;false;true;true
331872;OPERADORA_NAO_IDENTIFICADA;;4;2024;5751667656.94;false;true;true
369233;OPERADORA_NAO_IDENTIFICADA;;4;2024;212346288.65;false;true;true
335215;OPERADORA_NAO_IDENTIFICADA;;4;2024;1332480264.04;false;true;true
326500;OPERADORA_NAO_IDENTIFICADA;;4;2024;3428993600.16;false;true;true
417122;OPERADORA_NAO_IDENTIFICADA;;4;2024;40799286.48;false;true;true
420107;OPERADORA_NAO_IDENTIFICADA;;4;2024;103223060.65;false;true;true
421367;OPERADORA_NAO_IDENTIFICADA;;4;2024;102040998.81;false;true;true
413267;OPERADORA_NAO_IDENTIFICADA;;4;2024;10932113.71;false;true;true
302228;OPERADORA_NAO_IDENTIFICADA;;4;2024;233214953.99;false;true;true
320838;OPERADORA_NAO_IDENTIFICADA;;4;2024;236725833.18;false;true;true
304484;OPERADORA_NAO_IDENTIFICADA;;4;2024;1427519102.25;false;true;true
423840;OPERADORA_NAO_IDENTIFICADA;;4;2024;4916598.64;false;true;true
367087;OPERADORA_NAO_IDENTIFICADA;;4;2024;3223070898.69;false;true;true
424170;OPERADORA_NAO_IDENTIFICADA;;4;2024;33203581.68;false;true;true
411752;OPERADORA_NAO_IDENTIFICADA;;4;2024;2206401863.87;false;true;true
419095;OPERADORA_NAO_IDENTIFICADA;;4;2024;159416595.28;false;true;true
418536;OPERADORA_NAO_IDENTIFICADA;;4;2024;762698.24;false;true;true
422045;OPERADORA_NAO_IDENTIFICADA;;4;2024;65147261.84;false;true;true
304701;OPERADORA_NAO_IDENTIFICADA;;4;2024;31784648324.68;false;true;true
420301;OPERADORA_NAO_IDENTIFICADA;;4;2024;15391550.32;false;true;true
346209;OPERADORA_NAO_IDENTIFICADA;;4;2024;1074394564.56;false;true;true
328375;OPERADORA_NAO_IDENTIFICADA;;4;2024;371962745.91;false;true;true
422461;OPERADORA_NAO_IDENTIFICADA;;4;2024;7225269.12;false;true;true
423459;OPERADORA_NAO_IDENTIFICADA;;4;2024;262665.04;false;true;true
421049;OPERADORA_NAO_IDENTIFICADA;;4;2024;34580289.09;false;true;true
300713;OPERADORA_NAO_IDENTIFICADA;;4;2024;1288002136.07;false;true;true
420051;OPERADORA_NAO_IDENTIFICADA;;4;2024;35476935.09;false;true;true
315478;OPERADORA_NAO_IDENTIFICADA;;4;2024;13822343632.88;false;true;true
323926;OPERADORA_NAO_IDENTIFICADA;;4;2024;842707054.29;false;true;true
355151;OPERADORA_NAO_IDENTIFICADA;;4;2024;3337437629.80;false;true;true
421804;OPERADORA_NAO_IDENTIFICADA;;4;2024;1206556.71;false;true;true
359459;OPERADORA_NAO_IDENTIFICADA;;4;2024;2960489.76;false;true;true
369462;OPERADORA_NAO_IDENTIFICADA;;4;2024;29732797.14;false;true;true
403458;OPERADORA_NAO_IDENTIFICADA;;4;2024;37468623.12;false;true;true
348082;OPERADORA_NAO_IDENTIFICADA;;4;2024;2441781555.31;false;true;true
385697;OPERADORA_NAO_IDENTIFICADA;;4;2024;3916413854.27;false;true;true
423777;OPERADORA_NAO_IDENTIFICADA;;4;2024;1474999.84;false;true;true
419761;OPERADORA_NAO_IDENTIFICADA;;4;2024;8064367.28;false;true;true
330264;OPERADORA_NAO_IDENTIFICADA;;4;2024;1152700202.84;false;true;true
350648;OPERADORA_NAO_IDENTIFICADA;;4;2024;419663275.34;false;true;true
422746;OPERADORA_NAO_IDENTIFICADA;;4;2024;9011299.56;false;true;true
420981;OPERADORA_NAO_IDENTIFICADA;;4;2024;105608643.56;false;true;true
422398;OPERADORA_NAO_IDENTIFICADA;;4;2024;1092071590.66;false;true;true
311359;OPERADORA_NAO_IDENTIFICADA;;4;2024;3469311300.27;false;true;true
419303;OPERADORA_NAO_IDENTIFICADA;;4;2024;64970995.84;false;true;true
417505;OPERADORA_NAO_IDENTIFICADA;;4;2024;5265122306.74;false;true;true
348180;OPERADORA_NAO_IDENTIFICADA;;4;2024;4134838806.60;false;true;true
364312;OPERADORA_NAO_IDENTIFICADA;;4;2024;3871166077.36;false;true;true
303259;OPERADORA_NAO_IDENTIFICADA;;4;2024;37965369.74;false;true;true
409405;OPERADORA_NAO_IDENTIFICADA;;4;2024;40352685.01;false;true;true
418919;OPERADORA_NAO_IDENTIFICADA;;4;2024;492252558.97;false;true;true
402109;OPERADORA_NAO_IDENTIFICADA;;4;2024;5046520.32;false;true;true
301744;OPERADORA_NAO_IDENTIFICADA;;4;2024;955937007.56;false;true;true
389358;OPERADORA_NAO_IDENTIFICADA;;4;2024;221796119.07;false;true;true
304131;OPERADORA_NAO_IDENTIFICADA;;4;2024;921172412.75;false;true;true
335479;OPERADORA_NAO_IDENTIFICADA;;4;2024;3745148847.80;false;true;true
378941;OPERADORA_NAO_IDENTIFICADA;;4;2024;12993318.88;false;true;true
370070;OPERADORA_NAO_IDENTIFICADA;;4;2024;5304216155.98;false;true;true
342611;OPERADORA_NAO_IDENTIFICADA;;4;2024;2134826111.26;false;true;true
417131;OPERADORA_NAO_IDENTIFICADA;;4;2024;45590611.71;false;true;true
334511;OPERADORA_NAO_IDENTIFICADA;;4;2024;93813814.80;false;true;true
300136;OPERADORA_NAO_IDENTIFICADA;;4;2024;1445244923.27;false;true;true
416738;OPERADORA_NAO_IDENTIFICADA;;4;2024;866129444.34;false;true;true
422134;OPERADORA_NAO_IDENTIFICADA;;4;2024;123893955.03;false;true;true
409634;OPERADORA_NAO_IDENTIFICADA;;4;2024;74754171.01;false;true;true
336858;OPERADORA_NAO_IDENTIFICADA;;4;2024;2247942881.71;false;true;true
321044;OPERADORA_NAO_IDENTIFICADA;;4;2024;10052874732.01;false;true;true
421278;OPERADORA_NAO_IDENTIFICADA;;4;2024;15231753.28;false;true;true
354066;OPERADORA_NAO_IDENTIFICADA;;4;2024;3958668393.05;false;true;true
343731;OPERADORA_NAO_IDENTIFICADA;;4;2024;10435889219.54;false;true;true
343404;OPERADORA_NAO_IDENTIFICADA;;4;2024;48169130.33;false;true;true
416801;OPERADORA_NAO_IDENTIFICADA;;4;2024;1416233252.88;false;true;true
353477;OPERADORA_NAO_IDENTIFICADA;;4;2024;11031968.72;false;true;true
419443;OPERADORA_NAO_IDENTIFICADA;;4;2024;220127992.08;false;true;true
423548;OPERADORA_NAO_IDENTIFICADA;;4;2024;10304218.24;false;true;true
318213;OPERADORA_NAO_IDENTIFICADA;;4;2024;604409932.79;false;true;true
378682;OPERADORA_NAO_IDENTIFICADA;;4;2024;21641587.20;false;true;true
423319;OPERADORA_NAO_IDENTIFICADA;;4;2024;431742669.06;false;true;true
418447;OPERADORA_NAO_IDENTIFICADA;;4;2024;1673281.84;false;true;true
336017;OPERADORA_NAO_IDENTIFICADA;;4;2024;61999204.57;false;true;true
339458;OPERADORA_NAO_IDENTIFICADA;;4;2024;94473787.16;false;true;true
326089;OPERADORA_NAO_IDENTIFICADA;;4;2024;336696898.74;false;true;true
415065;OPERADORA_NAO_IDENTIFICADA;;4;2024;358905951.88;false;true;true
419184;OPERADORA_NAO_IDENTIFICADA;;4;2024;12283459.44;false;true;true
353353;OPERADORA_NAO_IDENTIFICADA;;4;2024;5751380826.26;false;true;true
418218;OPERADORA_NAO_IDENTIFICADA;;4;2024;53250166.67;false;true;true
423611;OPERADORA_NAO_IDENTIFICADA;;4;2024;4338353.04;false;true;true
421715;OPERADORA_NAO_IDENTIFICADA;;4;2024;6352004682.75;false;true;true
359777;OPERADORA_NAO_IDENTIFICADA;;4;2024;2534104886.16;false;true;true
365530;OPERADORA_NAO_IDENTIFICADA;;4;2024;482834109.19;false;true;true
420018;OPERADORA_NAO_IDENTIFICADA;;4;2024;8;false;true;true
314218;OPERADORA_NAO_IDENTIFICADA;;4;2024;7500856627.87;false;true;true
386901;OPERADORA_NAO_IDENTIFICADA;;4;2024;326887532.78;false;true;true
424200;OPERADORA_NAO_IDENTIFICADA;;4;2024;8;false;true;true
423513;OPERADORA_NAO_IDENTIFICADA;;4;2024;2103859.68;false;true;true
422657;OPERADORA_NAO_IDENTIFICADA;;4;2024;331478.56;false;true;true
420972;OPERADORA_NAO_IDENTIFICADA;;4;2024;59065374.52;false;true;true
403512;OPERADORA_NAO_IDENTIFICADA;;4;2024;19199946.48;false;true;true
421561;OPERADORA_NAO_IDENTIFICADA;;4;2024;20627287.77;false;true;true
417220;OPERADORA_NAO_IDENTIFICADA;;4;2024;56234535.22;false;true;true
404772;OPERADORA_NAO_IDENTIFICADA;;4;2024;8272691.30;false;true;true
423831;OPERADORA_NAO_IDENTIFICADA;;4;2024;32;false;true;true
337188;OPERADORA_NAO_IDENTIFICADA;;4;2024;2810281936.63;false;true;true
344729;OPERADORA_NAO_IDENTIFICADA;;4;2024;1518710785.19;false;true;true
415871;OPERADORA_NAO_IDENTIFICADA;;4;2024;2867971.52;false;true;true
422975;OPERADORA_NAO_IDENTIFICADA;;4;2024;24173214.80;false;true;true
350494;OPERADORA_NAO_IDENTIFICADA;;4;2024;1196095054.46;false;true;true
357715;OPERADORA_NAO_IDENTIFICADA;;4;2024;404803724.52;false;true;true
421341;OPERADORA_NAO_IDENTIFICADA;;4;2024;952520617.57;false;true;true
422622;OPERADORA_NAO_IDENTIFICADA;;4;2024;3823170.80;false;true;true
424137;OPERADORA_NAO_IDENTIFICADA;;4;2024;285571.2;false;true;true
423041;OPERADORA_NAO_IDENTIFICADA;;4;2024;20877214.92;false;true;true
354295;OPERADORA_NAO_IDENTIFICADA;;4;2024;3825456070.29;false;true;true
405931;OPERADORA_NAO_IDENTIFICADA;;4;2024;1242303.76;false;true;true
421243;OPERADORA_NAO_IDENTIFICADA;;4;2024;29213669.44;false;true;true
362573;OPERADORA_NAO_IDENTIFICADA;;4;2024;462979918.77;false;true;true
309907;OPERADORA_NAO_IDENTIFICADA;;4;2024;1544071332.83;false;true;true
308811;OPERADORA_NAO_IDENTIFICADA;;4;2024;385779004.00;false;true;true
414387;OPERADORA_NAO_IDENTIFICADA;;4;2024;231727812.54;false;true;true
365785;OPERADORA_NAO_IDENTIFICADA;;4;2024;70086417.15;false;true;true
420077;OPERADORA_NAO_IDENTIFICADA;;4;2024;5672049194.72;false;true;true
401081;OPERADORA_NAO_IDENTIFICADA;;4;2024;2690227350.58;false;true;true
321958;OPERADORA_NAO_IDENTIFICADA;;4;2024;3502295333.12;false;true;true
417491;OPERADORA_NAO_IDENTIFICADA;;4;2024;16828902.98;false;true;true
340162;OPERADORA_NAO_IDENTIFICADA;;4;2024;77585156.64;false;true;true
418129;OPERADORA_NAO_IDENTIFICADA;;4;2024;77347045.92;false;true;true
363171;OPERADORA_NAO_IDENTIFICADA;;4;2024;102520877.77;false;true;true
423335;OPERADORA_NAO_IDENTIFICADA;;4;2024;278640405.90;false;true;true
315567;OPERADORA_NAO_IDENTIFICADA;;4;2024;1498134093.38;false;true;true
423181;OPERADORA_NAO_IDENTIFICADA;;4;2024;18608120.13;false;true;true
422550;OPERADORA_NAO_IDENTIFICADA;;4;2024;13207.28;false;true;true
404942;OPERADORA_NAO_IDENTIFICADA;;4;2024;9222595.20;false;true;true
420778;OPERADORA_NAO_IDENTIFICADA;;4;2024;3190741.52;false;true;true
420140;OPERADORA_NAO_IDENTIFICADA;;4;2024;14175862.24;false;true;true
422185;OPERADORA_NAO_IDENTIFICADA;;4;2024;407989.04;false;true;true
350141;OPERADORA_NAO_IDENTIFICADA;;4;2024;8727583052.62;false;true;true
321320;OPERADORA_NAO_IDENTIFICADA;;4;2024;230919996.03;false;true;true
373109;OPERADORA_NAO_IDENTIFICADA;;4;2024;53712849.42;false;true;true
335657;OPERADORA_NAO_IDENTIFICADA;;4;2024;276073185.55;false;true;true
354279;OPERADORA_NAO_IDENTIFICADA;;4;2024;901083104.84;false;true;true
327557;OPERADORA_NAO_IDENTIFICADA;;4;2024;876800792.15;false;true;true
412040;OPERADORA_NAO_IDENTIFICADA;;4;2024;24328971.44;false;true;true
311146;OPERADORA_NAO_IDENTIFICADA;;4;2024;609089443.09;false;true;true
420042;OPERADORA_NAO_IDENTIFICADA;;4;2024;12484545.04;false;true;true
349283;OPERADORA_NAO_IDENTIFICADA;;4;2024;5124786.58;false;true;true
305928;OPERADORA_NAO_IDENTIFICADA;;4;2024;91846098.25;false;true;true
386588;OPERADORA_NAO_IDENTIFICADA;;4;2024;3185451248.18;false;true;true
343684;OPERADORA_NAO_IDENTIFICADA;;4;2024;623093666.70;false;true;true
318477;OPERADORA_NAO_IDENTIFICADA;;4;2024;1097849395.39;false;true;true
422924;OPERADORA_NAO_IDENTIFICADA;;4;2024;4934388.74;false;true;true
385620;OPERADORA_NAO_IDENTIFICADA;;4;2024;695066163.69;false;true;true
406805;OPERADORA_NAO_IDENTIFICADA;;4;2024;185926419.00;false;true;true
334243;OPERADORA_NAO_IDENTIFICADA;;4;2024;118715671.70;false;true;true
421774;OPERADORA_NAO_IDENTIFICADA;;4;2024;1158416.00;false;true;true
363391;OPERADORA_NAO_IDENTIFICADA;;4;2024;135727508.35;false;true;true
354031;OPERADORA_NAO_IDENTIFICADA;;4;2024;4666186946.74;false;true;true
423050;OPERADORA_NAO_IDENTIFICADA;;4;2024;5799047.84;false;true;true
344486;OPERADORA_NAO_IDENTIFICADA;;4;2024;24951414.08;false;true;true
366561;OPERADORA_NAO_IDENTIFICADA;;4;2024;2632649279.49;false;true;true
362140;OPERADORA_NAO_IDENTIFICADA;;4;2024;2041659367.44;false;true;true
368148;OPERADORA_NAO_IDENTIFICADA;;4;2024;756345384.71;false;true;true
365238;OPERADORA_NAO_IDENTIFICADA;;4;2024;641121742.33;false;true;true
424048;OPERADORA_NAO_IDENTIFICADA;;4;2024;9067561.04;false;true;true
315796;OPERADORA_NAO_IDENTIFICADA;;4;2024;4755144361.48;false;true;true
354562;OPERADORA_NAO_IDENTIFICADA;;4;2024;3310560181.73;false;true;true
409791;OPERADORA_NAO_IDENTIFICADA;;4;2024;83059545.98;false;true;true
414581;OPERADORA_NAO_IDENTIFICADA;;4;2024;1505890403.21;false;true;true
359394;OPERADORA_NAO_IDENTIFICADA;;4;2024;12148223.48;false;true;true
355721;OPERADORA_NAO_IDENTIFICADA;;4;2024;8283282570.73;false;true;true
406121;OPERADORA_NAO_IDENTIFICADA;;4;2024;46873476.16;false;true;true
412295;OPERADORA_NAO_IDENTIFICADA;;4;2024;509787528.20;false;true;true
344451;OPERADORA_NAO_IDENTIFICADA;;4;2024;296966583.55;false;true;true
305227;OPERADORA_NAO_IDENTIFICADA;;4;2024;1007989711.20;false;true;true
422681;OPERADORA_NAO_IDENTIFICADA;;4;2024;864155681.94;false;true;true
329967;OPERADORA_NAO_IDENTIFICADA;;4;2024;5088730.56;false;true;true
362832;OPERADORA_NAO_IDENTIFICADA;;4;2024;410333022.58;false;true;true
341894;OPERADORA_NAO_IDENTIFICADA;;4;2024;15769066.31;false;true;true
420841;OPERADORA_NAO_IDENTIFICADA;;4;2024;52486340.09;false;true;true
319384;OPERADORA_NAO_IDENTIFICADA;;4;2024;1658105773.31;false;true;true
313475;OPERADORA_NAO_IDENTIFICADA;;4;2024;163786605.68;false;true;true
311847;OPERADORA_NAO_IDENTIFICADA;;4;2024;3190690643.33;false;true;true
423017;OPERADORA_NAO_IDENTIFICADA;;4;2024;217441.44;false;true;true
418994;OPERADORA_NAO_IDENTIFICADA;;4;2024;15374405.52;false;true;true
416584;OPERADORA_NAO_IDENTIFICADA;;4;2024;375129699.94;false;true;true
419737;OPERADORA_NAO_IDENTIFICADA;;4;2024;64262.32;false;true;true
418587;OPERADORA_NAO_IDENTIFICADA;;4;2024;558476859.71;false;true;true
417998;OPERADORA_NAO_IDENTIFICADA;;4;2024;66688060.72;false;true;true
344362;OPERADORA_NAO_IDENTIFICADA;;4;2024;1836931550.51;false;true;true
422835;OPERADORA_NAO_IDENTIFICADA;;4;2024;159967267.92;false;true;true
313211;OPERADORA_NAO_IDENTIFICADA;;4;2024;1441201894.31;false;true;true
419583;OPERADORA_NAO_IDENTIFICADA;;4;2024;25711908.87;false;true;true
417173;OPERADORA_NAO_IDENTIFICADA;;4;2024;7980229921.39;false;true;true
356476;OPERADORA_NAO_IDENTIFICADA;;4;2024;1168750498.83;false;true;true
314099;OPERADORA_NAO_IDENTIFICADA;;4;2024;2058799923.67;false;true;true
304395;OPERADORA_NAO_IDENTIFICADA;;4;2024;1102539090.89;false;true;true
355097;OPERADORA_NAO_IDENTIFICADA;;4;2024;8532582784.44;false;true;true
346926;OPERADORA_NAO_IDENTIFICADA;;4;2024;11306610166.45;false;true;true
402516;OPERADORA_NAO_IDENTIFICADA;;4;2024;13224709.60;false;true;true
306398;OPERADORA_NAO_IDENTIFICADA;;4;2024;5866940502.90;false;true;true
423751;OPERADORA_NAO_IDENTIFICADA;;4;2024;1357653.44;false;true;true
327328;OPERADORA_NAO_IDENTIFICADA;;4;2024;30082594.00;false;true;true
342955;OPERADORA_NAO_IDENTIFICADA;;4;2024;78580463.42;false;true;true
424111;OPERADORA_NAO_IDENTIFICADA;;4;2024;8;false;true;true
423424;OPERADORA_NAO_IDENTIFICADA;;4;2024;859018.48;false;true;true
320897;OPERADORA_NAO_IDENTIFICADA;;4;2024;867115763.86;false;true;true
311375;OPERADORA_NAO_IDENTIFICADA;;4;2024;2374117067.67;false;true;true
354627;OPERADORA_NAO_IDENTIFICADA;;4;2024;4674490704.27;false;true;true
318388;OPERADORA_NAO_IDENTIFICADA;;4;2024;1269939799.02;false;true;true
417297;OPERADORA_NAO_IDENTIFICADA;;4;2024;1034684105.66;false;true;true
379956;OPERADORA_NAO_IDENTIFICADA;;4;2024;21984455801.00;false;true;true
371564;OPERADORA_NAO_IDENTIFICADA;;4;2024;367840007.57;false;true;true
320862;OPERADORA_NAO_IDENTIFICADA;;4;2024;1194136418.34;false;true;true
309524;OPERADORA_NAO_IDENTIFICADA;;4;2024;351891991.81;false;true;true
424013;OPERADORA_NAO_IDENTIFICADA;;4;2024;1030262.72;false;true;true
368555;OPERADORA_NAO_IDENTIFICADA;;4;2024;391684501.58;false;true;true
421685;OPERADORA_NAO_IDENTIFICADA;;4;2024;0.08;false;true;true
301728;OPERADORA_NAO_IDENTIFICADA;;4;2024;599772312.85;false;true;true
340952;OPERADORA_NAO_IDENTIFICADA;;4;2024;4055137813.04;false;true;true
367966;OPERADORA_NAO_IDENTIFICADA;;4;2024;18221889.06;false;true;true
367613;OPERADORA_NAO_IDENTIFICADA;;4;2024;146570814.48;false;true;true
310522;OPERADORA_NAO_IDENTIFICADA;;4;2024;1852125075.91;false;true;true
345741;OPERADORA_NAO_IDENTIFICADA;;4;2024;997640792.26;false;true;true
404241;OPERADORA_NAO_IDENTIFICADA;;4;2024;112825871.50;false;true;true
382639;OPERADORA_NAO_IDENTIFICADA;;4;2024;50005526.14;false;true;true
423106;OPERADORA_NAO_IDENTIFICADA;;4;2024;32;false;true;true
305421;OPERADORA_NAO_IDENTIFICADA;;4;2024;56910303.20;false;true;true
352152;OPERADORA_NAO_IDENTIFICADA;;4;2024;33239072.16;false;true;true
421421;OPERADORA_NAO_IDENTIFICADA;;4;2024;2133622462.48;false;true;true
419079;OPERADORA_NAO_IDENTIFICADA;;4;2024;44489441.76;false;true;true
412759;OPERADORA_NAO_IDENTIFICADA;;4;2024;313344195.15;false;true;true
309087;OPERADORA_NAO_IDENTIFICADA;;4;2024;805548172.77;false;true;true
414352;OPERADORA_NAO_IDENTIFICADA;;4;2024;1422054877.49;false;true;true
421928;OPERADORA_NAO_IDENTIFICADA;;4;2024;2953599543.82;false;true;true
324361;OPERADORA_NAO_IDENTIFICADA;;4;2024;2984657398.76;false;true;true
345776;OPERADORA_NAO_IDENTIFICADA;;4;2024;647055742.75;false;true;true
356123;OPERADORA_NAO_IDENTIFICADA;;4;2024;2071553695.33;false;true;true
310239;OPERADORA_NAO_IDENTIFICADA;;4;2024;300726847.40;false;true;true
395480;OPERADORA_NAO_IDENTIFICADA;;4;2024;1189445086.69;false;true;true
365645;OPERADORA_NAO_IDENTIFICADA;;4;2024;10537876.92;false;true;true
418323;OPERADORA_NAO_IDENTIFICADA;;4;2024;6244798.08;false;true;true
334154;OPERADORA_NAO_IDENTIFICADA;;4;2024;982635142.41;false;true;true
323080;OPERADORA_NAO_IDENTIFICADA;;4;2024;38740151103.19;false;true;true
314251;OPERADORA_NAO_IDENTIFICADA;;4;2024;648365766.85;false;true;true
311618;OPERADORA_NAO_IDENTIFICADA;;4;2024;1598868347.77;false;true;true
344397;OPERADORA_NAO_IDENTIFICADA;;4;2024;4115638770.75;false;true;true
350630;OPERADORA_NAO_IDENTIFICADA;;4;2024;40245891.37;false;true;true
378216;OPERADORA_NAO_IDENTIFICADA;;4;2024;589885810.43;false;true;true
422193;OPERADORA_NAO_IDENTIFICADA;;4;2024;30093935.52;false;true;true
318035;OPERADORA_NAO_IDENTIFICADA;;4;2024;578194118.60;false;true;true
302627;OPERADORA_NAO_IDENTIFICADA;;4;2024;351312712.30;false;true;true
417050;OPERADORA_NAO_IDENTIFICADA;;4;2024;497556226.88;false;true;true
423475;OPERADORA_NAO_IDENTIFICADA;;4;2024;904156896.24;false;true;true
415243;OPERADORA_NAO_IDENTIFICADA;;4;2024;78359092.41;false;true;true
416525;OPERADORA_NAO_IDENTIFICADA;;4;2024;186999325.91;false;true;true
421731;OPERADORA_NAO_IDENTIFICADA;;4;2024;874483471.78;false;true;true
324523;OPERADORA_NAO_IDENTIFICADA;;4;2024;18325507.28;false;true;true
407011;OPERADORA_NAO_IDENTIFICADA;;4;2024;1209530319.01;false;true;true
422347;OPERADORA_NAO_IDENTIFICADA;;4;2024;8;false;true;true
416371;OPERADORA_NAO_IDENTIFICADA;;4;2024;21683285.84;false;true;true
380661;OPERADORA_NAO_IDENTIFICADA;;4;2024;3280980784.67;false;true;true
357391;OPERADORA_NAO_IDENTIFICADA;;4;2024;19327492953.78;false;true;true
359122;OPERADORA_NAO_IDENTIFICADA;;4;2024;940249165.94;false;true;true
415944;OPERADORA_NAO_IDENTIFICADA;;4;2024;4560112.12;false;true;true
420000;OPERADORA_NAO_IDENTIFICADA;;4;2024;618401507.19;false;true;true
304883;OPERADORA_NAO_IDENTIFICADA;;4;2024;2418240593.41;false;true;true
318299;OPERADORA_NAO_IDENTIFICADA;;4;2024;4917254280.05;false;true;true
421766;OPERADORA_NAO_IDENTIFICADA;;4;2024;530435515.43;false;true;true
416789;OPERADORA_NAO_IDENTIFICADA;;4;2024;90008291.92;false;true;true
330116;OPERADORA_NAO_IDENTIFICADA;;4;2024;2432492349.07;false;true;true
412252;OPERADORA_NAO_IDENTIFICADA;;4;2024;274024939.11;false;true;true
423629;OPERADORA_NAO_IDENTIFICADA;;4;2024;115452428.16;false;true;true
419516;OPERADORA_NAO_IDENTIFICADA;;4;2024;501276776.17;false;true;true
406945;OPERADORA_NAO_IDENTIFICADA;;4;2024;458163846.83;false;true;true
422291;OPERADORA_NAO_IDENTIFICADA;;4;2024;26039033.84;false;true;true
386219;OPERADORA_NAO_IDENTIFICADA;;4;2024;5556216.88;false;true;true
333239;OPERADORA_NAO_IDENTIFICADA;;4;2024;240;false;true;true
327417;OPERADORA_NAO_IDENTIFICADA;;4;2024;2391490365.26;false;true;true
348295;OPERADORA_NAO_IDENTIFICADA;;4;2024;11055737118.04;false;true;true
419265;OPERADORA_NAO_IDENTIFICADA;;4;2024;13140594.56;false;true;true
418706;OPERADORA_NAO_IDENTIFICADA;;4;2024;2345638.33;false;true;true
361941;OPERADORA_NAO_IDENTIFICADA;;4;2024;963910317.93;false;true;true
415014;OPERADORA_NAO_IDENTIFICADA;;4;2024;893812605.74;false;true;true
328073;OPERADORA_NAO_IDENTIFICADA;;4;2024;492942403.50;false;true;true
401871;OPERADORA_NAO_IDENTIFICADA;;4;2024;11641641.28;false;true;true
311057;OPERADORA_NAO_IDENTIFICADA;;4;2024;66959789.96;false;true;true
329355;OPERADORA_NAO_IDENTIFICADA;;4;2024;658098321.86;false;true;true
312851;OPERADORA_NAO_IDENTIFICADA;;4;2024;8370467714.15;false;true;true
422576;OPERADORA_NAO_IDENTIFICADA;;4;2024;5016430.80;false;true;true
346004;OPERADORA_NAO_IDENTIFICADA;;4;2024;249642009.65;false;true;true
424021;OPERADORA_NAO_IDENTIFICADA;;4;2024;8;false;true;true
418650;OPERADORA_NAO_IDENTIFICADA;;4;2024;1513031503.12;false;true;true
356417;OPERADORA_NAO_IDENTIFICADA;;4;2024;4952643839.63;false;true;true
368253;OPERADORA_NAO_IDENTIFICADA;;4;2024;118198245508.03;false;true;true
413534;OPERADORA_NAO_IDENTIFICADA;;4;2024;11531157177.08;false;true;true
381144;OPERADORA_NAO_IDENTIFICADA;;4;2024;79330701.11;false;true;true
420255;OPERADORA_NAO_IDENTIFICADA;;4;2024;243410514.03;false;true;true
335614;OPERADORA_NAO_IDENTIFICADA;;4;2024;13890209630.28;false;true;true
348830;OPERADORA_NAO_IDENTIFICADA;;4;2024;2767912167.65;false;true;true
342335;OPERADORA_NAO_IDENTIFICADA;;4;2024;25096262.88;false;true;true
330892;OPERADORA_NAO_IDENTIFICADA;;4;2024;218794935.72;false;true;true
418552;OPERADORA_NAO_IDENTIFICADA;;4;2024;788625947.87;false;true;true
423157;OPERADORA_NAO_IDENTIFICADA;;4;2024;4000169.68;false;true;true
413160;OPERADORA_NAO_IDENTIFICADA;;4;2024;487467460.66;false;true;true
301574;OPERADORA_NAO_IDENTIFICADA;;4;2024;2200616119.89;false;true;true
419591;OPERADORA_NAO_IDENTIFICADA;;4;2024;56060178.72;false;true;true
411256;OPERADORA_NAO_IDENTIFICADA;;4;2024;4102818837.13;false;true;true
420701;OPERADORA_NAO_IDENTIFICADA;;4;2024;283041452.32;false;true;true
417751;OPERADORA_NAO_IDENTIFICADA;;4;2024;2936553.60;false;true;true
394734;OPERADORA_NAO_IDENTIFICADA;;4;2024;1129641876.98;false;true;true
341819;OPERADORA_NAO_IDENTIFICADA;;4;2024;11363071.79;false;true;true
410292;OPERADORA_NAO_IDENTIFICADA;;4;2024;2547859806.47;false;true;true
335100;OPERADORA_NAO_IDENTIFICADA;;4;2024;11722571465.76;false;true;true
412058;OPERADORA_NAO_IDENTIFICADA;;4;2024;333147766.99;false;true;true
422401;OPERADORA_NAO_IDENTIFICADA;;4;2024;6747738.64;false;true;true
320820;OPERADORA_NAO_IDENTIFICADA;;4;2024;522365068.72;false;true;true
316903;OPERADORA_NAO_IDENTIFICADA;;4;2024;13322845.74;false;true;true
416177;OPERADORA_NAO_IDENTIFICADA;;4;2024;5031289.36;false;true;true
421677;OPERADORA_NAO_IDENTIFICADA;;4;2024;102731577.12;false;true;true
417459;OPERADORA_NAO_IDENTIFICADA;;4;2024;233300673.28;false;true;true
355691;OPERADORA_NAO_IDENTIFICADA;;4;2024;7064864572.72;false;true;true
361011;OPERADORA_NAO_IDENTIFICADA;;4;2024;5651239252.29;false;true;true
322571;OPERADORA_NAO_IDENTIFICADA;;4;2024;1158722919.82;false;true;true
422959;OPERADORA_NAO_IDENTIFICADA;;4;2024;42910685.74;false;true;true
306100;OPERADORA_NAO_IDENTIFICADA;;4;2024;1557966614.53;false;true;true
419974;OPERADORA_NAO_IDENTIFICADA;;4;2024;73982240.35;false;true;true
300870;OPERADORA_NAO_IDENTIFICADA;;4;2024;2601164193.36;false;true;true
345709;OPERADORA_NAO_IDENTIFICADA;;4;2024;1365121689.42;false;true;true
402095;OPERADORA_NAO_IDENTIFICADA;;4;2024;42679398.40;false;true;true
334561;OPERADORA_NAO_IDENTIFICADA;;4;2024;6916194641.09;false;true;true
416908;OPERADORA_NAO_IDENTIFICADA;;4;2024;12139497.62;false;true;true
333620;OPERADORA_NAO_IDENTIFICADA;;4;2024;55687978.11;false;true;true
310247;OPERADORA_NAO_IDENTIFICADA;;4;2024;3545203610.05;false;true;true
304051;OPERADORA_NAO_IDENTIFICADA;;4;2024;2110242568.92;false;true;true
418617;OPERADORA_NAO_IDENTIFICADA;;4;2024;328993314.53;false;true;true
420956;OPERADORA_NAO_IDENTIFICADA;;4;2024;56415025.89;false;true;true
412996;OPERADORA_NAO_IDENTIFICADA;;4;2024;128527904.48;false;true;true
414026;OPERADORA_NAO_IDENTIFICADA;;4;2024;65278174.62;false;true;true
417840;OPERADORA_NAO_IDENTIFICADA;;4;2024;81173245.19;false;true;true
403865;OPERADORA_NAO_IDENTIFICADA;;4;2024;7633212.48;false;true;true
414905;OPERADORA_NAO_IDENTIFICADA;;4;2024;486115599.66;false;true;true
339679;OPERADORA_NAO_IDENTIFICADA;;4;2024;82202076943.05;false;true;true
417424;OPERADORA_NAO_IDENTIFICADA;;4;2024;816034039.29;false;true;true
361569;OPERADORA_NAO_IDENTIFICADA;;4;2024;194320204.81;false;true;true
419354;OPERADORA_NAO_IDENTIFICADA;;4;2024;82859096.15;false;true;true
303178;OPERADORA_NAO_IDENTIFICADA;;4;2024;967619061.12;false;true;true
415626;OPERADORA_NAO_IDENTIFICADA;;4;2024;249140911.55;false;true;true
408522;OPERADORA_NAO_IDENTIFICADA;;4;2024;806663666.48;false;true;true
335525;OPERADORA_NAO_IDENTIFICADA;;4;2024;61957998.22;false;true;true
420166;OPERADORA_NAO_IDENTIFICADA;;4;2024;1404150634.86;false;true;true
419427;OPERADORA_NAO_IDENTIFICADA;;4;2024;735498711.19;false;true;true
307319;OPERADORA_NAO_IDENTIFICADA;;4;2024;2443201067.96;false;true;true
352179;OPERADORA_NAO_IDENTIFICADA;;4;2024;1075193488.41;false;true;true
423564;OPERADORA_NAO_IDENTIFICADA;;4;2024;9063636.40;false;true;true
345318;OPERADORA_NAO_IDENTIFICADA;;4;2024;237961375.25;false;true;true
314781;OPERADORA_NAO_IDENTIFICADA;;4;2024;365008083.86;false;true;true
417742;OPERADORA_NAO_IDENTIFICADA;;4;2024;8;false;true;true
365297;OPERADORA_NAO_IDENTIFICADA;;4;2024;25751791.47;false;true;true
343463;OPERADORA_NAO_IDENTIFICADA;;4;2024;749946798.79;false;true;true
356581;OPERADORA_NAO_IDENTIFICADA;;4;2024;617653640.02;false;true;true
414662;OPERADORA_NAO_IDENTIFICADA;;4;2024;196277626.99;false;true;true
417106;OPERADORA_NAO_IDENTIFICADA;;4;2024;65357195.74;false;true;true
350249;OPERADORA_NAO_IDENTIFICADA;;4;2024;2973153437.70;false;true;true
413721;OPERADORA_NAO_IDENTIFICADA;;4;2024;273655462.82;false;true;true
419389;OPERADORA_NAO_IDENTIFICADA;;4;2024;396822699.25;false;true;true
333875;OPERADORA_NAO_IDENTIFICADA;;4;2024;3771625600.56;false;true;true
416665;OPERADORA_NAO_IDENTIFICADA;;4;2024;5872015.52;false;true;true
347604;OPERADORA_NAO_IDENTIFICADA;;4;2024;122885903.60;false;true;true
401072;OPERADORA_NAO_IDENTIFICADA;;4;2024;19547141.19;false;true;true
424285;OPERADORA_NAO_IDENTIFICADA;;4;2024;25773.84;false;true;true
421413;OPERADORA_NAO_IDENTIFICADA;;4;2024;997376.88;false;true;true
410128;OPERADORA_NAO_IDENTIFICADA;;4;2024;357474628.09;false;true;true
416495;OPERADORA_NAO_IDENTIFICADA;;4;2024;688157348.68;false;true;true
354783;OPERADORA_NAO_IDENTIFICADA;;4;2024;3496544757.70;false;true;true
402001;OPERADORA_NAO_IDENTIFICADA;;4;2024;126925999.63;false;true;true
417092;OPERADORA_NAO_IDENTIFICADA;;4;2024;17241309.54;false;true;true
422487;OPERADORA_NAO_IDENTIFICADA;;4;2024;69910631.13;false;true;true
306886;OPERADORA_NAO_IDENTIFICADA;;4;2024;5659109910.93;false;true;true
343722;OPERADORA_NAO_IDENTIFICADA;;4;2024;194591539.96;false;true;true
371629;OPERADORA_NAO_IDENTIFICADA;;4;2024;1838220180.67;false;true;true
422908;OPERADORA_NAO_IDENTIFICADA;;4;2024;2105228.00;false;true;true
419125;OPERADORA_NAO_IDENTIFICADA;;4;2024;362357.68;false;true;true
319422;OPERADORA_NAO_IDENTIFICADA;;4;2024;2773858419.58;false;true;true
367095;OPERADORA_NAO_IDENTIFICADA;;4;2024;3054508929.74;false;true;true
418374;OPERADORA_NAO_IDENTIFICADA;;4;2024;1241992732.76;false;true;true
317012;OPERADORA_NAO_IDENTIFICADA;;4;2024;610086940.93;false;true;true
360783;OPERADORA_NAO_IDENTIFICADA;;4;2024;103841188.08;false;true;true
351351;OPERADORA_NAO_IDENTIFICADA;;4;2024;18408189.23;false;true;true
337498;OPERADORA_NAO_IDENTIFICADA;;4;2024;819462657.31;false;true;true
418528;OPERADORA_NAO_IDENTIFICADA;;4;2024;245509574.80;false;true;true
359017;OPERADORA_NAO_IDENTIFICADA;;4;2024;111365397320.68;false;true;true
423505;OPERADORA_NAO_IDENTIFICADA;;4;2024;182315584.40;false;true;true
358282;OPERADORA_NAO_IDENTIFICADA;;4;2024;520888721.88;false;true;true
423734;OPERADORA_NAO_IDENTIFICADA;;4;2024;2148478.88;false;true;true
408034;OPERADORA_NAO_IDENTIFICADA;;4;2024;51124102.27;false;true;true
397245;OPERADORA_NAO_IDENTIFICADA;;4;2024;29198383.92;false;true;true
416932;OPERADORA_NAO_IDENTIFICADA;;4;2024;48707801.06;false;true;true
314706;OPERADORA_NAO_IDENTIFICADA;;4;2024;915671822.53;false;true;true
337561;OPERADORA_NAO_IDENTIFICADA;;4;2024;179686342.28;false;true;true
417211;OPERADORA_NAO_IDENTIFICADA;;4;2024;602614392.24;false;true;true
423131;OPERADORA_NAO_IDENTIFICADA;;4;2024;876887.68;false;true;true
422754;OPERADORA_NAO_IDENTIFICADA;;4;2024;92394885.12;false;true;true
336106;OPERADORA_NAO_IDENTIFICADA;;4;2024;3310162753.85;false;true;true
314587;OPERADORA_NAO_IDENTIFICADA;;4;2024;513591759.03;false;true;true
382337;OPERADORA_NAO_IDENTIFICADA;;4;2024;27812242.56;false;true;true
417947;OPERADORA_NAO_IDENTIFICADA;;4;2024;1157191859.98;false;true;true
352331;OPERADORA_NAO_IDENTIFICADA;;4;2024;21754261562.44;false;true;true
408263;OPERADORA_NAO_IDENTIFICADA;;4;2024;89121641.36;false;true;true
424030;OPERADORA_NAO_IDENTIFICADA;;4;2024;7162171.60;false;true;true
343056;OPERADORA_NAO_IDENTIFICADA;;4;2024;67325177.85;false;true;true
344184;OPERADORA_NAO_IDENTIFICADA;;4;2024;37052662.67;false;true;true
303844;OPERADORA_NAO_IDENTIFICADA;;4;2024;509692318.44;false;true;true
352586;OPERADORA_NAO_IDENTIFICADA;;4;2024;814279924.34;false;true;true
342157;OPERADORA_NAO_IDENTIFICADA;;4;2024;198119699.43;false;true;true
327352;OPERADORA_NAO_IDENTIFICADA;;4;2024;378244085.62;false;true;true
361593;OPERADORA_NAO_IDENTIFICADA;;4;2024;185870098.33;false;true;true
424161;OPERADORA_NAO_IDENTIFICADA;;4;2024;109906.24;false;true;true
417475;OPERADORA_NAO_IDENTIFICADA;;4;2024;78535166.68;false;true;true
422321;OPERADORA_NAO_IDENTIFICADA;;4;2024;488951369.81;false;true;true
312126;OPERADORA_NAO_IDENTIFICADA;;4;2024;19237100319.30;false;true;true
385255;OPERADORA_NAO_IDENTIFICADA;;4;2024;1525303949.86;false;true;true
372609;OPERADORA_NAO_IDENTIFICADA;;4;2024;2116248907.68;false;true;true
321273;OPERADORA_NAO_IDENTIFICADA;;4;2024;5954140014.58;false;true;true
416401;OPERADORA_NAO_IDENTIFICADA;;4;2024;1946369506.33;false;true;true
351407;OPERADORA_NAO_IDENTIFICADA;;4;2024;1647899805.41;false;true;true
326755;OPERADORA_NAO_IDENTIFICADA;;4;2024;2962215867.49;false;true;true
421154;OPERADORA_NAO_IDENTIFICADA;;4;2024;453346157.57;false;true;true
316997;OPERADORA_NAO_IDENTIFICADA;;4;2024;86005037.66;false;true;true
355593;OPERADORA_NAO_IDENTIFICADA;;4;2024;622404675.37;false;true;true
417891;OPERADORA_NAO_IDENTIFICADA;;4;2024;38608773.12;false;true;true
413429;OPERADORA_NAO_IDENTIFICADA;;4;2024;234463801.66;false;true;true
304441;OPERADORA_NAO_IDENTIFICADA;;4;2024;357482336.41;false;true;true
313955;OPERADORA_NAO_IDENTIFICADA;;4;2024;174777959.72;false;true;true
306126;OPERADORA_NAO_IDENTIFICADA;;4;2024;1807168579.48;false;true;true
357138;OPERADORA_NAO_IDENTIFICADA;;4;2024;1488732817.18;false;true;true
419621;OPERADORA_NAO_IDENTIFICADA;;4;2024;15317257.60;false;true;true
336831;OPERADORA_NAO_IDENTIFICADA;;4;2024;2411627388.04;false;true;true
400882;OPERADORA_NAO_IDENTIFICADA;;4;2024;4490850.40;false;true;true
421189;OPERADORA_NAO_IDENTIFICADA;;4;2024;1669123657.15;false;true;true
418692;OPERADORA_NAO_IDENTIFICADA;;4;2024;74357449.84;false;true;true
418820;OPERADORA_NAO_IDENTIFICADA;;4;2024;457293482.75;false;true;true
422258;OPERADORA_NAO_IDENTIFICADA;;4;2024;2458957.52;false;true;true
309028;OPERADORA_NAO_IDENTIFICADA;;4;2024;1023682877.12;false;true;true
382281;OPERADORA_NAO_IDENTIFICADA;;4;2024;49469094.97;false;true;true
358088;OPERADORA_NAO_IDENTIFICADA;;4;2024;2399971074.10;false;true;true
423220;OPERADORA_NAO_IDENTIFICADA;;4;2024;5681720.82;false;true;true
417599;OPERADORA_NAO_IDENTIFICADA;;4;2024;1375487303.11;false;true;true
407224;OPERADORA_NAO_IDENTIFICADA;;4;2024;39977944.45;false;true;true
418790;OPERADORA_NAO_IDENTIFICADA;;4;2024;10792893.41;false;true;true
327441;OPERADORA_NAO_IDENTIFICADA;;4;2024;63797827.51;false;true;true
423122;OPERADORA_NAO_IDENTIFICADA;;4;2024;1206375.04;false;true;true
301060;OPERADORA_NAO_IDENTIFICADA;;4;2024;641591700.22;false;true;true
382655;OPERADORA_NAO_IDENTIFICADA;;4;2024;77738546.05;false;true;true
369292;OPERADORA_NAO_IDENTIFICADA;;4;2024;3664791081.60;false;true;true
311669;OPERADORA_NAO_IDENTIFICADA;;4;2024;16826037.60;false;true;true
324345;OPERADORA_NAO_IDENTIFICADA;;4;2024;1331834142.41;false;true;true
418757;OPERADORA_NAO_IDENTIFICADA;;4;2024;43026304.36;false;true;true
358053;OPERADORA_NAO_IDENTIFICADA;;4;2024;193040587.75;false;true;true
344095;OPERADORA_NAO_IDENTIFICADA;;4;2024;6479410.24;false;true;true
413747;OPERADORA_NAO_IDENTIFICADA;;4;2024;78730906.87;false;true;true
423858;OPERADORA_NAO_IDENTIFICADA;;4;2024;648109.84;false;true;true
420816;OPERADORA_NAO_IDENTIFICADA;;4;2024;33093190.05;false;true;true
421944;OPERADORA_NAO_IDENTIFICADA;;4;2024;598004939.06;false;true;true
420697;OPERADORA_NAO_IDENTIFICADA;;4;2024;2166064.16;false;true;true
418021;OPERADORA_NAO_IDENTIFICADA;;4;2024;3988317563.25;false;true;true
316873;OPERADORA_NAO_IDENTIFICADA;;4;2024;1358986038.26;false;true;true
311961;OPERADORA_NAO_IDENTIFICADA;;4;2024;1172182467.97;false;true;true
342807;OPERADORA_NAO_IDENTIFICADA;;4;2024;3381530664.99;false;true;true
417718;OPERADORA_NAO_IDENTIFICADA;;4;2024;1137691072.90;false;true;true
321338;OPERADORA_NAO_IDENTIFICADA;;4;2024;429963291.56;false;true;true
411868;OPERADORA_NAO_IDENTIFICADA;;4;2024;55141328.46;false;true;true
354996;OPERADORA_NAO_IDENTIFICADA;;4;2024;372295755.96;false;true;true
366439;OPERADORA_NAO_IDENTIFICADA;;4;2024;315444196.58;false;true;true
419567;OPERADORA_NAO_IDENTIFICADA;;4;2024;9311850.16;false;true;true
344885;OPERADORA_NAO_IDENTIFICADA;;4;2024;13567149978.40;false;true;true
423351;OPERADORA_NAO_IDENTIFICADA;;4;2024;243953156.18;false;true;true
414557;OPERADORA_NAO_IDENTIFICADA;;4;2024;28538465.29;false;true;true
418285;OPERADORA_NAO_IDENTIFICADA;;4;2024;461330610.25;false;true;true
309222;OPERADORA_NAO_IDENTIFICADA;;4;2024;19637678047.76;false;true;true
354678;OPERADORA_NAO_IDENTIFICADA;;4;2024;217555586.85;false;true;true
414204;OPERADORA_NAO_IDENTIFICADA;;4;2024;189983825.28;false;true;true
413518;OPERADORA_NAO_IDENTIFICADA;;4;2024;175742179.36;false;true;true
325571;OPERADORA_NAO_IDENTIFICADA;;4;2024;10947435424.18;false;true;true
423068;OPERADORA_NAO_IDENTIFICADA;;4;2024;38752136.00;false;true;true
311391;OPERADORA_NAO_IDENTIFICADA;;4;2024;165005383.52;false;true;true
315044;OPERADORA_NAO_IDENTIFICADA;;4;2024;1904236977.73;false;true;true
323942;OPERADORA_NAO_IDENTIFICADA;;4;2024;1352090756.35;false;true;true
421383;OPERADORA_NAO_IDENTIFICADA;;4;2024;21130747.20;false;true;true
350770;OPERADORA_NAO_IDENTIFICADA;;4;2024;66446463.30;false;true;true
309257;OPERADORA_NAO_IDENTIFICADA;;4;2024;3931231.29;false;true;true
354325;OPERADORA_NAO_IDENTIFICADA;;4;2024;728651023.76;false;true;true
346951;OPERADORA_NAO_IDENTIFICADA;;4;2024;661842099.64;false;true;true
417564;OPERADORA_NAO_IDENTIFICADA;;4;2024;48469604.44;false;true;true
422029;OPERADORA_NAO_IDENTIFICADA;;4;2024;2149893555.20;false;true;true
341941;OPERADORA_NAO_IDENTIFICADA;;4;2024;393836594.60;false;true;true
419249;OPERADORA_NAO_IDENTIFICADA;;4;2024;4269339502.03;false;true;true
363189;OPERADORA_NAO_IDENTIFICADA;;4;2024;84924531.42;false;true;true
369411;OPERADORA_NAO_IDENTIFICADA;;4;2024;1961379280.38;false;true;true
