CNPJ;RazaoSocial;Trimestre;Ano;ValorDespesas
352543;OPERADORA_NAO_IDENTIFICADA;4;2024;1706264488.66
364860;OPERADORA_NAO_IDENTIFICADA;4;2024;2156421912.79
342131;OPERADORA_NAO_IDENTIFICADA;4;2024;677124069.42
342033;OPERADORA_NAO_IDENTIFICADA;4;2024;7737701299.63
321931;OPERADORA_NAO_IDENTIFICADA;4;2024;2444898521.60
421464;OPERADORA_NAO_IDENTIFICADA;4;2024;9016827.79
420239;OPERADORA_NAO_IDENTIFICADA;4;2024;6294728.30
415774;OPERADORA_NAO_IDENTIFICADA;4;2024;1707003392.89
423874;OPERADORA_NAO_IDENTIFICADA;4;2024;2635441.28
349712;OPERADORA_NAO_IDENTIFICADA;4;2024;3541710317.56
000477;OPERADORA_NAO_IDENTIFICADA;4;2024;13467871067.72
419061;OPERADORA_NAO_IDENTIFICADA;4;2024;1906684.48
347302;OPERADORA_NAO_IDENTIFICADA;4;2024;17092374.91
406414;OPERADORA_NAO_IDENTIFICADA;4;2024;47777193.83
419991;OPERADORA_NAO_IDENTIFICADA;4;2024;354668.24
423271;OPERADORA_NAO_IDENTIFICADA;4;2024;89962426.48
337374;OPERADORA_NAO_IDENTIFICADA;4;2024;2579028173.13
366340;OPERADORA_NAO_IDENTIFICADA;4;2024;721462750.62
303356;OPERADORA_NAO_IDENTIFICADA;4;2024;6157001002.82
411809;OPERADORA_NAO_IDENTIFICADA;4;2024;125188058.67
301647;OPERADORA_NAO_IDENTIFICADA;4;2024;8880657.66
423173;OPERADORA_NAO_IDENTIFICADA;4;2024;2434872560.13
422941;OPERADORA_NAO_IDENTIFICADA;4;2024;23204659.12
352314;OPERADORA_NAO_IDENTIFICADA;4;2024;806774164.66
326305;OPERADORA_NAO_IDENTIFICADA;4;2024;215480479608.59
343919;OPERADORA_NAO_IDENTIFICADA;4;2024;12541448.69
362824;OPERADORA_NAO_IDENTIFICADA;4;2024;8534466.31
303739;OPERADORA_NAO_IDENTIFICADA;4;2024;1860219578.38
418439;OPERADORA_NAO_IDENTIFICADA;4;2024;32804609.36
405582;OPERADORA_NAO_IDENTIFICADA;4;2024;1843383.68
360414;OPERADORA_NAO_IDENTIFICADA;4;2024;558442265.06
343064;OPERADORA_NAO_IDENTIFICADA;4;2024;705077506.58
423645;OPERADORA_NAO_IDENTIFICADA;4;2024;32837148.96
418030;OPERADORA_NAO_IDENTIFICADA;4;2024;28372743.12
422878;OPERADORA_NAO_IDENTIFICADA;4;2024;4977749.50
346659;OPERADORA_NAO_IDENTIFICADA;4;2024;69100138916.58
386596;OPERADORA_NAO_IDENTIFICADA;4;2024;1202084962.54
306762;OPERADORA_NAO_IDENTIFICADA;4;2024;1865586300.60
417955;OPERADORA_NAO_IDENTIFICADA;4;2024;654342759.63
417581;OPERADORA_NAO_IDENTIFICADA;4;2024;89570608.82
421847;OPERADORA_NAO_IDENTIFICADA;4;2024;8
402010;OPERADORA_NAO_IDENTIFICADA;4;2024;23391936.48
419281;OPERADORA_NAO_IDENTIFICADA;4;2024;405484391.09
324159;OPERADORA_NAO_IDENTIFICADA;4;2024;678958641.56
418960;OPERADORA_NAO_IDENTIFICADA;4;2024;335654931.46
401463;OPERADORA_NAO_IDENTIFICADA;4;2024;18081423.04
420085;OPERADORA_NAO_IDENTIFICADA;4;2024;200550414.88
349011;OPERADORA_NAO_IDENTIFICADA;4;2024;31204225.60
353027;OPERADORA_NAO_IDENTIFICADA;4;2024;905074040.30
320706;OPERADORA_NAO_IDENTIFICADA;4;2024;4120612910.11
423327;OPERADORA_NAO_IDENTIFICADA;4;2024;289785.52
326861;OPERADORA_NAO_IDENTIFICADA;4;2024;3527925814.22
419818;OPERADORA_NAO_IDENTIFICADA;4;2024;17990834.08
363855;OPERADORA_NAO_IDENTIFICADA;4;2024;835774893.50
423262;OPERADORA_NAO_IDENTIFICADA;4;2024;46493912.24
421146;OPERADORA_NAO_IDENTIFICADA;4;2024;5350105.52
418161;OPERADORA_NAO_IDENTIFICADA;4;2024;486201.12
342386;OPERADORA_NAO_IDENTIFICADA;4;2024;479039908.74
358754;OPERADORA_NAO_IDENTIFICADA;4;2024;778543598.41
325031;OPERADORA_NAO_IDENTIFICADA;4;2024;751850442.74
322326;OPERADORA_NAO_IDENTIFICADA;4;2024;920841101.92
371254;OPERADORA_NAO_IDENTIFICADA;4;2024;8053557358.60
319180;OPERADORA_NAO_IDENTIFICADA;4;2024;509526799.69
347655;OPERADORA_NAO_IDENTIFICADA;4;2024;2034211245.25
335541;OPERADORA_NAO_IDENTIFICADA;4;2024;698831458.86
424005;OPERADORA_NAO_IDENTIFICADA;4;2024;8
304123;OPERADORA_NAO_IDENTIFICADA;4;2024;834646515.94
410110;OPERADORA_NAO_IDENTIFICADA;4;2024;510791947.79
414930;OPERADORA_NAO_IDENTIFICADA;4;2024;820050744.29
345091;OPERADORA_NAO_IDENTIFICADA;4;2024;964564258.19
348244;OPERADORA_NAO_IDENTIFICADA;4;2024;1017956206.55
314668;OPERADORA_NAO_IDENTIFICADA;4;2024;1938055678.28
418196;OPERADORA_NAO_IDENTIFICADA;4;2024;382588.16
353892;OPERADORA_NAO_IDENTIFICADA;4;2024;4672547.36
418986;OPERADORA_NAO_IDENTIFICADA;4;2024;151074331.68
402206;OPERADORA_NAO_IDENTIFICADA;4;2024;226766242.76
312592;OPERADORA_NAO_IDENTIFICADA;4;2024;1258349022.33
424269;OPERADORA_NAO_IDENTIFICADA;4;2024;67200
343765;OPERADORA_NAO_IDENTIFICADA;4;2024;265512015.21
416410;OPERADORA_NAO_IDENTIFICADA;4;2024;2949371.36
420786;OPERADORA_NAO_IDENTIFICADA;4;2024;287427873.80
312363;OPERADORA_NAO_IDENTIFICADA;4;2024;33894322870.02
423998;OPERADORA_NAO_IDENTIFICADA;4;2024;8
421375;OPERADORA_NAO_IDENTIFICADA;4;2024;1048855.92
423491;OPERADORA_NAO_IDENTIFICADA;4;2024;183391.44
316148;OPERADORA_NAO_IDENTIFICADA;4;2024;1666951182.17
413941;OPERADORA_NAO_IDENTIFICADA;4;2024;92546954.24
349682;OPERADORA_NAO_IDENTIFICADA;4;2024;2837970843.69
336467;OPERADORA_NAO_IDENTIFICADA;4;2024;188872183.90
416193;OPERADORA_NAO_IDENTIFICADA;4;2024;21577749.76
382540;OPERADORA_NAO_IDENTIFICADA;4;2024;3396474385.22
417289;OPERADORA_NAO_IDENTIFICADA;4;2024;1929868832.78
370681;OPERADORA_NAO_IDENTIFICADA;4;2024;1842815402.19
344915;OPERADORA_NAO_IDENTIFICADA;4;2024;402938652.45
335258;OPERADORA_NAO_IDENTIFICADA;4;2024;298209241.49
331104;OPERADORA_NAO_IDENTIFICADA;4;2024;45889954.99
327093;OPERADORA_NAO_IDENTIFICADA;4;2024;68008067.53
303291;OPERADORA_NAO_IDENTIFICADA;4;2024;8010999.68
421618;OPERADORA_NAO_IDENTIFICADA;4;2024;58961076.86
351776;OPERADORA_NAO_IDENTIFICADA;4;2024;407110986.44
357022;OPERADORA_NAO_IDENTIFICADA;4;2024;1268874325.33
418731;OPERADORA_NAO_IDENTIFICADA;4;2024;568320117.32
314315;OPERADORA_NAO_IDENTIFICADA;4;2024;186545494.95
419729;OPERADORA_NAO_IDENTIFICADA;4;2024;28183069.53
419150;OPERADORA_NAO_IDENTIFICADA;4;2024;557519538.97
358436;OPERADORA_NAO_IDENTIFICADA;4;2024;276898917.70
371777;OPERADORA_NAO_IDENTIFICADA;4;2024;1500425895.72
315729;OPERADORA_NAO_IDENTIFICADA;4;2024;5900864360.44
419052;OPERADORA_NAO_IDENTIFICADA;4;2024;547240468.00
416835;OPERADORA_NAO_IDENTIFICADA;4;2024;4098655.44
329886;OPERADORA_NAO_IDENTIFICADA;4;2024;1019592988.68
321125;OPERADORA_NAO_IDENTIFICADA;4;2024;234741147.46
421359;OPERADORA_NAO_IDENTIFICADA;4;2024;164977505.95
406554;OPERADORA_NAO_IDENTIFICADA;4;2024;4848572539.47
402966;OPERADORA_NAO_IDENTIFICADA;4;2024;662622199.84
422151;OPERADORA_NAO_IDENTIFICADA;4;2024;143205141.79
330108;OPERADORA_NAO_IDENTIFICADA;4;2024;1191787356.13
311715;OPERADORA_NAO_IDENTIFICADA;4;2024;1598756097.28
416398;OPERADORA_NAO_IDENTIFICADA;4;2024;684260016.14
400556;OPERADORA_NAO_IDENTIFICADA;4;2024;3409110.40
417611;OPERADORA_NAO_IDENTIFICADA;4;2024;1105767.52
323268;OPERADORA_NAO_IDENTIFICADA;4;2024;3591853054.19
423203;OPERADORA_NAO_IDENTIFICADA;4;2024;57519766.44
422053;OPERADORA_NAO_IDENTIFICADA;4;2024;344558093.58
407569;OPERADORA_NAO_IDENTIFICADA;4;2024;67712452.80
418773;OPERADORA_NAO_IDENTIFICADA;4;2024;134296.08
335754;OPERADORA_NAO_IDENTIFICADA;4;2024;885568141.78
411248;OPERADORA_NAO_IDENTIFICADA;4;2024;59061204.29
353663;OPERADORA_NAO_IDENTIFICADA;4;2024;3696551594.59
369659;OPERADORA_NAO_IDENTIFICADA;4;2024;6034046395.57
316849;OPERADORA_NAO_IDENTIFICADA;4;2024;89895921.28
418927;OPERADORA_NAO_IDENTIFICADA;4;2024;8
344681;OPERADORA_NAO_IDENTIFICADA;4;2024;31871575.20
000582;OPERADORA_NAO_IDENTIFICADA;4;2024;47847694856.19
344800;OPERADORA_NAO_IDENTIFICADA;4;2024;2839367365.32
423084;OPERADORA_NAO_IDENTIFICADA;4;2024;17738463.62
367397;OPERADORA_NAO_IDENTIFICADA;4;2024;3504169439.61
407534;OPERADORA_NAO_IDENTIFICADA;4;2024;44308327.76
403962;OPERADORA_NAO_IDENTIFICADA;4;2024;1690698808.56
422584;OPERADORA_NAO_IDENTIFICADA;4;2024;153630544.72
417548;OPERADORA_NAO_IDENTIFICADA;4;2024;1750914935.45
353060;OPERADORA_NAO_IDENTIFICADA;4;2024;2254613643.52
344583;OPERADORA_NAO_IDENTIFICADA;4;2024;5255567.82
352501;OPERADORA_NAO_IDENTIFICADA;4;2024;35304921033.77
324493;OPERADORA_NAO_IDENTIFICADA;4;2024;1806896301.70
423939;OPERADORA_NAO_IDENTIFICADA;4;2024;24
353698;OPERADORA_NAO_IDENTIFICADA;4;2024;320737982.31
418226;OPERADORA_NAO_IDENTIFICADA;4;2024;91543539.41
422738;OPERADORA_NAO_IDENTIFICADA;4;2024;50204.75
423785;OPERADORA_NAO_IDENTIFICADA;4;2024;22047846.68
415952;OPERADORA_NAO_IDENTIFICADA;4;2024;11148068.16
423432;OPERADORA_NAO_IDENTIFICADA;4;2024;15207731.74
409243;OPERADORA_NAO_IDENTIFICADA;4;2024;1655214576.99
408794;OPERADORA_NAO_IDENTIFICADA;4;2024;251353278.57
313751;OPERADORA_NAO_IDENTIFICADA;4;2024;606036307.36
324710;OPERADORA_NAO_IDENTIFICADA;4;2024;168224.20
419141;OPERADORA_NAO_IDENTIFICADA;4;2024;1139897973.62
319350;OPERADORA_NAO_IDENTIFICADA;4;2024;41713203.35
354619;OPERADORA_NAO_IDENTIFICADA;4;2024;517723548.84
324299;OPERADORA_NAO_IDENTIFICADA;4;2024;325512566.45
414701;OPERADORA_NAO_IDENTIFICADA;4;2024;156130359.91
418072;OPERADORA_NAO_IDENTIFICADA;4;2024;52797247.38
346276;OPERADORA_NAO_IDENTIFICADA;4;2024;2886603442.38
387185;OPERADORA_NAO_IDENTIFICADA;4;2024;223927200.78
419486;OPERADORA_NAO_IDENTIFICADA;4;2024;576773643.75
418170;OPERADORA_NAO_IDENTIFICADA;4;2024;2925477231.18
350371;OPERADORA_NAO_IDENTIFICADA;4;2024;2267531249.70
330809;OPERADORA_NAO_IDENTIFICADA;4;2024;810728564.75
422371;OPERADORA_NAO_IDENTIFICADA;4;2024;107899416.78
348520;OPERADORA_NAO_IDENTIFICADA;4;2024;10288839696.64
421324;OPERADORA_NAO_IDENTIFICADA;4;2024;6208316.31
329339;OPERADORA_NAO_IDENTIFICADA;4;2024;3908460865.47
415987;OPERADORA_NAO_IDENTIFICADA;4;2024;72367779.01
423467;OPERADORA_NAO_IDENTIFICADA;4;2024;3248100.16
338346;OPERADORA_NAO_IDENTIFICADA;4;2024;778458851.11
421740;OPERADORA_NAO_IDENTIFICADA;4;2024;101972694.24
419958;OPERADORA_NAO_IDENTIFICADA;4;2024;404211272.45
317896;OPERADORA_NAO_IDENTIFICADA;4;2024;945611332.94
422088;OPERADORA_NAO_IDENTIFICADA;4;2024;74846563.91
343129;OPERADORA_NAO_IDENTIFICADA;4;2024;269575240.95
335789;OPERADORA_NAO_IDENTIFICADA;4;2024;319269721.88
331651;OPERADORA_NAO_IDENTIFICADA;4;2024;1075761315.79
327689;OPERADORA_NAO_IDENTIFICADA;4;2024;9142016001.35
421642;OPERADORA_NAO_IDENTIFICADA;4;2024;2675959.92
388092;OPERADORA_NAO_IDENTIFICADA;4;2024;122293062.10
414921;OPERADORA_NAO_IDENTIFICADA;4;2024;36379764.40
343269;OPERADORA_NAO_IDENTIFICADA;4;2024;9536147424.64
370592;OPERADORA_NAO_IDENTIFICADA;4;2024;208860606.04
310107;OPERADORA_NAO_IDENTIFICADA;4;2024;9101294.42
323993;OPERADORA_NAO_IDENTIFICADA;4;2024;1976132737.39
312720;OPERADORA_NAO_IDENTIFICADA;4;2024;6390595095.35
336025;OPERADORA_NAO_IDENTIFICADA;4;2024;6839290.51
414573;OPERADORA_NAO_IDENTIFICADA;4;2024;620696957.08
334847;OPERADORA_NAO_IDENTIFICADA;4;2024;305021822.10
424145;OPERADORA_NAO_IDENTIFICADA;4;2024;711706.80
317632;OPERADORA_NAO_IDENTIFICADA;4;2024;3222378359.15
421006;OPERADORA_NAO_IDENTIFICADA;4;2024;527866450.82
303267;OPERADORA_NAO_IDENTIFICADA;4;2024;4130097593.16
415260;OPERADORA_NAO_IDENTIFICADA;4;2024;10718012.85
421707;OPERADORA_NAO_IDENTIFICADA;4;2024;131283931.70
419869;OPERADORA_NAO_IDENTIFICADA;4;2024;41708026.80
420964;OPERADORA_NAO_IDENTIFICADA;4;2024;32433144.32
422932;OPERADORA_NAO_IDENTIFICADA;4;2024;32289674.24
417602;OPERADORA_NAO_IDENTIFICADA;4;2024;120091137.28
417831;OPERADORA_NAO_IDENTIFICADA;4;2024;57939690.44
413348;OPERADORA_NAO_IDENTIFICADA;4;2024;8639090.32
313807;OPERADORA_NAO_IDENTIFICADA;4;2024;24382575.28
343676;OPERADORA_NAO_IDENTIFICADA;4;2024;737061629.44
422703;OPERADORA_NAO_IDENTIFICADA;4;2024;3711704.48
410888;OPERADORA_NAO_IDENTIFICADA;4;2024;267677174.72
000701;OPERADORA_NAO_IDENTIFICADA;4;2024;47672263777.46
324175;OPERADORA_NAO_IDENTIFICADA;4;2024;381487306.24
300730;OPERADORA_NAO_IDENTIFICADA;4;2024;78829186.65
360449;OPERADORA_NAO_IDENTIFICADA;4;2024;13813032767.61
333662;OPERADORA_NAO_IDENTIFICADA;4;2024;2031072692.22
305740;OPERADORA_NAO_IDENTIFICADA;4;2024;9150336.88
353752;OPERADORA_NAO_IDENTIFICADA;4;2024;40337722.00
408093;OPERADORA_NAO_IDENTIFICADA;4;2024;46851711.33
314757;OPERADORA_NAO_IDENTIFICADA;4;2024;9017071.52
364584;OPERADORA_NAO_IDENTIFICADA;4;2024;5959629776.74
347108;OPERADORA_NAO_IDENTIFICADA;4;2024;605905080.61
370975;OPERADORA_NAO_IDENTIFICADA;4;2024;550354969.87
320510;OPERADORA_NAO_IDENTIFICADA;4;2024;807637644.42
421081;OPERADORA_NAO_IDENTIFICADA;4;2024;13398255.28
410624;OPERADORA_NAO_IDENTIFICADA;4;2024;119676508.96
357260;OPERADORA_NAO_IDENTIFICADA;4;2024;2392963462.43
415898;OPERADORA_NAO_IDENTIFICADA;4;2024;15844392.17
357669;OPERADORA_NAO_IDENTIFICADA;4;2024;221662870.26
005711;OPERADORA_NAO_IDENTIFICADA;4;2024;309640735544.25
337668;OPERADORA_NAO_IDENTIFICADA;4;2024;5304388476.25
422240;OPERADORA_NAO_IDENTIFICADA;4;2024;1478839.28
406937;OPERADORA_NAO_IDENTIFICADA;4;2024;183485301.79
359033;OPERADORA_NAO_IDENTIFICADA;4;2024;420343669.44
370711;OPERADORA_NAO_IDENTIFICADA;4;2024;65627324.03
374440;OPERADORA_NAO_IDENTIFICADA;4;2024;1338860320.14
323357;OPERADORA_NAO_IDENTIFICADA;4;2024;766054504.83
365777;OPERADORA_NAO_IDENTIFICADA;4;2024;837857675.22
339954;OPERADORA_NAO_IDENTIFICADA;4;2024;10948405190.66
419010;OPERADORA_NAO_IDENTIFICADA;4;2024;3698530363.80
423521;OPERADORA_NAO_IDENTIFICADA;4;2024;8
330281;OPERADORA_NAO_IDENTIFICADA;4;2024;483496214.10
322831;OPERADORA_NAO_IDENTIFICADA;4;2024;976347946.47
421553;OPERADORA_NAO_IDENTIFICADA;4;2024;12925990.23
323004;OPERADORA_NAO_IDENTIFICADA;4;2024;245682509.64
421871;OPERADORA_NAO_IDENTIFICADA;4;2024;102848355.42
306045;OPERADORA_NAO_IDENTIFICADA;4;2024;576904970.69
423556;OPERADORA_NAO_IDENTIFICADA;4;2024;1538821.12
420999;OPERADORA_NAO_IDENTIFICADA;4;2024;170418535.33
350699;OPERADORA_NAO_IDENTIFICADA;4;2024;882907447.14
418200;OPERADORA_NAO_IDENTIFICADA;4;2024;26209704.89
331341;OPERADORA_NAO_IDENTIFICADA;4;2024;2122397310.01
347736;OPERADORA_NAO_IDENTIFICADA;4;2024;446122300.51
340120;OPERADORA_NAO_IDENTIFICADA;4;2024;43875969.89
312282;OPERADORA_NAO_IDENTIFICADA;4;2024;404881928.65
339636;OPERADORA_NAO_IDENTIFICADA;4;2024;747949815.63
300195;OPERADORA_NAO_IDENTIFICADA;4;2024;13602139.12
354686;OPERADORA_NAO_IDENTIFICADA;4;2024;49740605.69
335517;OPERADORA_NAO_IDENTIFICADA;4;2024;858669971.58
360244;OPERADORA_NAO_IDENTIFICADA;4;2024;2648031478.34
359289;OPERADORA_NAO_IDENTIFICADA;4;2024;2721322250.22
407241;OPERADORA_NAO_IDENTIFICADA;4;2024;10731328.24
421197;OPERADORA_NAO_IDENTIFICADA;4;2024;887639619.90
345458;OPERADORA_NAO_IDENTIFICADA;4;2024;733336072.19
351792;OPERADORA_NAO_IDENTIFICADA;4;2024;1087675337.57
348261;OPERADORA_NAO_IDENTIFICADA;4;2024;530140053.75
417785;OPERADORA_NAO_IDENTIFICADA;4;2024;15908390.56
422991;OPERADORA_NAO_IDENTIFICADA;4;2024;2253507.88
370088;OPERADORA_NAO_IDENTIFICADA;4;2024;876178911.74
333808;OPERADORA_NAO_IDENTIFICADA;4;2024;670507913.14
319996;OPERADORA_NAO_IDENTIFICADA;4;2024;13024191549.82
333051;OPERADORA_NAO_IDENTIFICADA;4;2024;3062017337.83
325082;OPERADORA_NAO_IDENTIFICADA;4;2024;158674685.67
304531;OPERADORA_NAO_IDENTIFICADA;4;2024;140248032.90
389854;OPERADORA_NAO_IDENTIFICADA;4;2024;208601300.64
384704;OPERADORA_NAO_IDENTIFICADA;4;2024;317362043.20
336874;OPERADORA_NAO_IDENTIFICADA;4;2024;32181701.33
392804;OPERADORA_NAO_IDENTIFICADA;4;2024;4158936576.18
372561;OPERADORA_NAO_IDENTIFICADA;4;2024;865121023.85
418137;OPERADORA_NAO_IDENTIFICADA;4;2024;268615403.71
423343;OPERADORA_NAO_IDENTIFICADA;4;2024;21510959.28
313149;OPERADORA_NAO_IDENTIFICADA;4;2024;203495156.64
347507;OPERADORA_NAO_IDENTIFICADA;4;2024;2059305007.97
382876;OPERADORA_NAO_IDENTIFICADA;4;2024;24058076336.29
357511;OPERADORA_NAO_IDENTIFICADA;4;2024;9885756090.21
371106;OPERADORA_NAO_IDENTIFICADA;4;2024;2406357914.87
415910;OPERADORA_NAO_IDENTIFICADA;4;2024;26156593.68
419231;OPERADORA_NAO_IDENTIFICADA;4;2024;42496058.48
325236;OPERADORA_NAO_IDENTIFICADA;4;2024;901360713.11
419168;OPERADORA_NAO_IDENTIFICADA;4;2024;12495404.14
337871;OPERADORA_NAO_IDENTIFICADA;4;2024;1859698846.20
419613;OPERADORA_NAO_IDENTIFICADA;4;2024;333522.48
342203;OPERADORA_NAO_IDENTIFICADA;4;2024;234348896.68
359726;OPERADORA_NAO_IDENTIFICADA;4;2024;5453872.32
413194;OPERADORA_NAO_IDENTIFICADA;4;2024;114090466.72
416428;OPERADORA_NAO_IDENTIFICADA;4;2024;5246117125.21
314242;OPERADORA_NAO_IDENTIFICADA;4;2024;439393881.57
364592;OPERADORA_NAO_IDENTIFICADA;4;2024;483478314.14
006246;OPERADORA_NAO_IDENTIFICADA;4;2024;237238124131.39
417301;OPERADORA_NAO_IDENTIFICADA;4;2024;307761381.72
421634;OPERADORA_NAO_IDENTIFICADA;4;2024;42413130.08
304468;OPERADORA_NAO_IDENTIFICADA;4;2024;1256176288.40
406813;OPERADORA_NAO_IDENTIFICADA;4;2024;64395681.47
322890;OPERADORA_NAO_IDENTIFICADA;4;2024;92807166.99
301949;OPERADORA_NAO_IDENTIFICADA;4;2024;13004934674.68
335592;OPERADORA_NAO_IDENTIFICADA;4;2024;11689773396.41
000515;OPERADORA_NAO_IDENTIFICADA;4;2024;708068265.92
302953;OPERADORA_NAO_IDENTIFICADA;4;2024;4487072919.24
423815;OPERADORA_NAO_IDENTIFICADA;4;2024;1806438.00
335690;OPERADORA_NAO_IDENTIFICADA;4;2024;32456212294.03
412635;OPERADORA_NAO_IDENTIFICADA;4;2024;346184116.54
419133;OPERADORA_NAO_IDENTIFICADA;4;2024;4057889506.35
383929;OPERADORA_NAO_IDENTIFICADA;4;2024;39820033.28
422061;OPERADORA_NAO_IDENTIFICADA;4;2024;8
419931;OPERADORA_NAO_IDENTIFICADA;4;2024;3517307.60
351202;OPERADORA_NAO_IDENTIFICADA;4;2024;8373605998.92
344141;OPERADORA_NAO_IDENTIFICADA;4;2024;90318175.57
418749;OPERADORA_NAO_IDENTIFICADA;4;2024;83014941.61
346870;OPERADORA_NAO_IDENTIFICADA;4;2024;203811970.01
422673;OPERADORA_NAO_IDENTIFICADA;4;2024;6202477.28
325465;OPERADORA_NAO_IDENTIFICADA;4;2024;345285021.10
313084;OPERADORA_NAO_IDENTIFICADA;4;2024;498486740.51
401919;OPERADORA_NAO_IDENTIFICADA;4;2024;4456602.24
330566;OPERADORA_NAO_IDENTIFICADA;4;2024;1497120505.80
421545;OPERADORA_NAO_IDENTIFICADA;4;2024;1376499.34
314366;OPERADORA_NAO_IDENTIFICADA;4;2024;54718748.90
421391;OPERADORA_NAO_IDENTIFICADA;4;2024;3295852.24
352519;OPERADORA_NAO_IDENTIFICADA;4;2024;254940430.33
301124;OPERADORA_NAO_IDENTIFICADA;4;2024;530416854.68
307751;OPERADORA_NAO_IDENTIFICADA;4;2024;1131704493.93
316881;OPERADORA_NAO_IDENTIFICADA;4;2024;1328084830.37
423661;OPERADORA_NAO_IDENTIFICADA;4;2024;155293605.36
327867;OPERADORA_NAO_IDENTIFICADA;4;2024;40972684.72
411582;OPERADORA_NAO_IDENTIFICADA;4;2024;643422909.37
418048;OPERADORA_NAO_IDENTIFICADA;4;2024;3839037.32
347825;OPERADORA_NAO_IDENTIFICADA;4;2024;174135049.73
366510;OPERADORA_NAO_IDENTIFICADA;4;2024;7718625.20
333689;OPERADORA_NAO_IDENTIFICADA;4;2024;1947561166.97
320251;OPERADORA_NAO_IDENTIFICADA;4;2024;2564721812.64
422771;OPERADORA_NAO_IDENTIFICADA;4;2024;792431990.87
349534;OPERADORA_NAO_IDENTIFICADA;4;2024;1515329484.13
418595;OPERADORA_NAO_IDENTIFICADA;4;2024;8451610.00
350346;OPERADORA_NAO_IDENTIFICADA;4;2024;357937567.46
342556;OPERADORA_NAO_IDENTIFICADA;4;2024;3646993925.41
415821;OPERADORA_NAO_IDENTIFICADA;4;2024;1662581.76
423114;OPERADORA_NAO_IDENTIFICADA;4;2024;31026822.24
311944;OPERADORA_NAO_IDENTIFICADA;4;2024;343778371.22
418013;OPERADORA_NAO_IDENTIFICADA;4;2024;23889567.04
422339;OPERADORA_NAO_IDENTIFICADA;4;2024;3229918623.10
422304;OPERADORA_NAO_IDENTIFICADA;4;2024;75584938.16
343331;OPERADORA_NAO_IDENTIFICADA;4;2024;687345995.51
403997;OPERADORA_NAO_IDENTIFICADA;4;2024;14575535.52
340251;OPERADORA_NAO_IDENTIFICADA;4;2024;664621013.18
353876;OPERADORA_NAO_IDENTIFICADA;4;2024;355128644.93
327638;OPERADORA_NAO_IDENTIFICADA;4;2024;183646186.84
403245;OPERADORA_NAO_IDENTIFICADA;4;2024;19455563.81
418901;OPERADORA_NAO_IDENTIFICADA;4;2024;1540562.00
413283;OPERADORA_NAO_IDENTIFICADA;4;2024;120993552.60
342084;OPERADORA_NAO_IDENTIFICADA;4;2024;14118553146.07
410071;OPERADORA_NAO_IDENTIFICADA;4;2024;5448037.92
358096;OPERADORA_NAO_IDENTIFICADA;4;2024;977198143.96
370568;OPERADORA_NAO_IDENTIFICADA;4;2024;119610462.20
414310;OPERADORA_NAO_IDENTIFICADA;4;2024;1134606903.85
420859;OPERADORA_NAO_IDENTIFICADA;4;2024;256014100.19
417874;OPERADORA_NAO_IDENTIFICADA;4;2024;3053483.84
419559;OPERADORA_NAO_IDENTIFICADA;4;2024;20188502.92
418803;OPERADORA_NAO_IDENTIFICADA;4;2024;945744717.73
422827;OPERADORA_NAO_IDENTIFICADA;4;2024;293026104.84
415081;OPERADORA_NAO_IDENTIFICADA;4;2024;47943446.24
414212;OPERADORA_NAO_IDENTIFICADA;4;2024;242229928.31
312347;OPERADORA_NAO_IDENTIFICADA;4;2024;1688373591.94
384577;OPERADORA_NAO_IDENTIFICADA;4;2024;7283359512.13
351628;OPERADORA_NAO_IDENTIFICADA;4;2024;5070162.95
350290;OPERADORA_NAO_IDENTIFICADA;4;2024;15355039.73
419524;OPERADORA_NAO_IDENTIFICADA;4;2024;49867425.71
000884;OPERADORA_NAO_IDENTIFICADA;4;2024;3137066798.41
379280;OPERADORA_NAO_IDENTIFICADA;4;2024;1982761431.23
415936;OPERADORA_NAO_IDENTIFICADA;4;2024;321436338.59
414654;OPERADORA_NAO_IDENTIFICADA;4;2024;253217105.76
336238;OPERADORA_NAO_IDENTIFICADA;4;2024;4615553.52
338648;OPERADORA_NAO_IDENTIFICADA;4;2024;1633213079.02
417114;OPERADORA_NAO_IDENTIFICADA;4;2024;9372069.84
423700;OPERADORA_NAO_IDENTIFICADA;4;2024;9285833.84
384844;OPERADORA_NAO_IDENTIFICADA;4;2024;857591.28
418242;OPERADORA_NAO_IDENTIFICADA;4;2024;4381597.36
345598;OPERADORA_NAO_IDENTIFICADA;4;2024;2099175272.03
319121;OPERADORA_NAO_IDENTIFICADA;4;2024;5423535160.76
413372;OPERADORA_NAO_IDENTIFICADA;4;2024;1046715557.97
423637;OPERADORA_NAO_IDENTIFICADA;4;2024;11327466.48
353264;OPERADORA_NAO_IDENTIFICADA;4;2024;653373534.10
343889;OPERADORA_NAO_IDENTIFICADA;4;2024;57235567766.85
409413;OPERADORA_NAO_IDENTIFICADA;4;2024;113089581.93
424218;OPERADORA_NAO_IDENTIFICADA;4;2024;38964.24
310131;OPERADORA_NAO_IDENTIFICADA;4;2024;21420900.24
328537;OPERADORA_NAO_IDENTIFICADA;4;2024;1875185413.07
424064;OPERADORA_NAO_IDENTIFICADA;4;2024;9726256.16
329665;OPERADORA_NAO_IDENTIFICADA;4;2024;334702043.91
419257;OPERADORA_NAO_IDENTIFICADA;4;2024;9656871.63
405671;OPERADORA_NAO_IDENTIFICADA;4;2024;2832295.92
423483;OPERADORA_NAO_IDENTIFICADA;4;2024;26630132.33
417149;OPERADORA_NAO_IDENTIFICADA;4;2024;5074779.60
424099;OPERADORA_NAO_IDENTIFICADA;4;2024;8
317144;OPERADORA_NAO_IDENTIFICADA;4;2024;24589864399.60
418277;OPERADORA_NAO_IDENTIFICADA;4;2024;16513836.40
359661;OPERADORA_NAO_IDENTIFICADA;4;2024;21234835678.06
347477;OPERADORA_NAO_IDENTIFICADA;4;2024;43698163.52
417661;OPERADORA_NAO_IDENTIFICADA;4;2024;617802561.49
319708;OPERADORA_NAO_IDENTIFICADA;4;2024;3201860265.82
352683;OPERADORA_NAO_IDENTIFICADA;4;2024;2791338889.49
419851;OPERADORA_NAO_IDENTIFICADA;4;2024;94662408.89
311294;OPERADORA_NAO_IDENTIFICADA;4;2024;1809079662.43
422355;OPERADORA_NAO_IDENTIFICADA;4;2024;30264074.88
415782;OPERADORA_NAO_IDENTIFICADA;4;2024;3874469.76
354511;OPERADORA_NAO_IDENTIFICADA;4;2024;1445955332.80
304344;OPERADORA_NAO_IDENTIFICADA;4;2024;844145451.98
361461;OPERADORA_NAO_IDENTIFICADA;4;2024;762107013.49
305472;OPERADORA_NAO_IDENTIFICADA;4;2024;1378301782.10
414981;OPERADORA_NAO_IDENTIFICADA;4;2024;5528442.16
416568;OPERADORA_NAO_IDENTIFICADA;4;2024;1522113741.22
400572;OPERADORA_NAO_IDENTIFICADA;4;2024;19269923.60
417343;OPERADORA_NAO_IDENTIFICADA;4;2024;2487363.44
358339;OPERADORA_NAO_IDENTIFICADA;4;2024;105021651.28
419028;OPERADORA_NAO_IDENTIFICADA;4;2024;48170637.47
342343;OPERADORA_NAO_IDENTIFICADA;4;2024;1026425166.00
416690;OPERADORA_NAO_IDENTIFICADA;4;2024;649240254.42
412015;OPERADORA_NAO_IDENTIFICADA;4;2024;54669206.00
419753;OPERADORA_NAO_IDENTIFICADA;4;2024;115991489.30
321087;OPERADORA_NAO_IDENTIFICADA;4;2024;591374426.29
420247;OPERADORA_NAO_IDENTIFICADA;4;2024;9771726.24
421120;OPERADORA_NAO_IDENTIFICADA;4;2024;114973717.14
315265;OPERADORA_NAO_IDENTIFICADA;4;2024;785107157.19
417441;OPERADORA_NAO_IDENTIFICADA;4;2024;38819913.36
420093;OPERADORA_NAO_IDENTIFICADA;4;2024;39098968.66
315583;OPERADORA_NAO_IDENTIFICADA;4;2024;436393672.40
328308;OPERADORA_NAO_IDENTIFICADA;4;2024;426166475.98
364070;OPERADORA_NAO_IDENTIFICADA;4;2024;340294334.15
403911;OPERADORA_NAO_IDENTIFICADA;4;2024;11245476064.51
344788;OPERADORA_NAO_IDENTIFICADA;4;2024;164111219.69
351270;OPERADORA_NAO_IDENTIFICADA;4;2024;317848472.60
406481;OPERADORA_NAO_IDENTIFICADA;4;2024;2620541784.49
418340;OPERADORA_NAO_IDENTIFICADA;4;2024;188449.68
417815;OPERADORA_NAO_IDENTIFICADA;4;2024;1196467434.83
422851;OPERADORA_NAO_IDENTIFICADA;4;2024;10575811.63
421952;OPERADORA_NAO_IDENTIFICADA;4;2024;5686157.68
319872;OPERADORA_NAO_IDENTIFICADA;4;2024;49442249.50
306754;OPERADORA_NAO_IDENTIFICADA;4;2024;512277845.26
361615;OPERADORA_NAO_IDENTIFICADA;4;2024;1067546517.90
324477;OPERADORA_NAO_IDENTIFICADA;4;2024;3183095382.43
421812;OPERADORA_NAO_IDENTIFICADA;4;2024;19087308.88
422631;OPERADORA_NAO_IDENTIFICADA;4;2024;9101569453.30
419982;OPERADORA_NAO_IDENTIFICADA;4;2024;12112
315494;OPERADORA_NAO_IDENTIFICADA;4;2024;357962881.24
347795;OPERADORA_NAO_IDENTIFICADA;4;2024;115960318.68
415057;OPERADORA_NAO_IDENTIFICADA;4;2024;980371.52
315648;OPERADORA_NAO_IDENTIFICADA;4;2024;450443919.50
410608;OPERADORA_NAO_IDENTIFICADA;4;2024;141653291.25
323055;OPERADORA_NAO_IDENTIFICADA;4;2024;623418832.47
420123;OPERADORA_NAO_IDENTIFICADA;4;2024;79634360.82
331988;OPERADORA_NAO_IDENTIFICADA;4;2024;5051515215.17
422070;OPERADORA_NAO_IDENTIFICADA;4;2024;652658657.14
422533;OPERADORA_NAO_IDENTIFICADA;4;2024;6275188.56
420794;OPERADORA_NAO_IDENTIFICADA;4;2024;9609085.44
331317;OPERADORA_NAO_IDENTIFICADA;4;2024;3783162209.00
417530;OPERADORA_NAO_IDENTIFICADA;4;2024;3774700243.26
415693;OPERADORA_NAO_IDENTIFICADA;4;2024;1334610540.27
421405;OPERADORA_NAO_IDENTIFICADA;4;2024;1014559978.16
422126;OPERADORA_NAO_IDENTIFICADA;4;2024;191804904.71
333867;OPERADORA_NAO_IDENTIFICADA;4;2024;122036401.23
363286;OPERADORA_NAO_IDENTIFICADA;4;2024;551639625.59
317233;OPERADORA_NAO_IDENTIFICADA;4;2024;3423152653.32
340782;OPERADORA_NAO_IDENTIFICADA;4;2024;8685941935.53
421286;OPERADORA_NAO_IDENTIFICADA;4;2024;79167868.80
420158;OPERADORA_NAO_IDENTIFICADA;4;2024;994228859.90
406635;OPERADORA_NAO_IDENTIFICADA;4;2024;78324199.31
414425;OPERADORA_NAO_IDENTIFICADA;4;2024;164727.20
419435;OPERADORA_NAO_IDENTIFICADA;4;2024;38132773.60
418307;OPERADORA_NAO_IDENTIFICADA;4;2024;1430223.28
312321;OPERADORA_NAO_IDENTIFICADA;4;2024;33004627.63
302147;OPERADORA_NAO_IDENTIFICADA;4;2024;59711376964.64
424129;OPERADORA_NAO_IDENTIFICADA;4;2024;1204720650.48
366064;OPERADORA_NAO_IDENTIFICADA;4;2024;719841578.28
419290;OPERADORA_NAO_IDENTIFICADA;4;2024;524071806.33
417696;OPERADORA_NAO_IDENTIFICADA;4;2024;33762429.04
324566;OPERADORA_NAO_IDENTIFICADA;4;2024;1045656960.75
422860;OPERADORA_NAO_IDENTIFICADA;4;2024;514365.84
328294;OPERADORA_NAO_IDENTIFICADA;4;2024;1294055132.73
303976;OPERADORA_NAO_IDENTIFICADA;4;2024;14838673948.09
422762;OPERADORA_NAO_IDENTIFICADA;4;2024;1032584876.33
419907;OPERADORA_NAO_IDENTIFICADA;4;2024;33798465.86
421723;OPERADORA_NAO_IDENTIFICADA;4;2024;34816192.46
423408;OPERADORA_NAO_IDENTIFICADA;4;2024;28878198.08
324213;OPERADORA_NAO_IDENTIFICADA;4;2024;94431025.60
419699;OPERADORA_NAO_IDENTIFICADA;4;2024;360431569.59
418625;OPERADORA_NAO_IDENTIFICADA;4;2024;2828275.36
303623;OPERADORA_NAO_IDENTIFICADA;4;2024;7321368567.94
422479;OPERADORA_NAO_IDENTIFICADA;4;2024;22928304.00
414689;OPERADORA_NAO_IDENTIFICADA;4;2024;31188914.40
390259;OPERADORA_NAO_IDENTIFICADA;4;2024;94013879.33
415901;OPERADORA_NAO_IDENTIFICADA;4;2024;19463652.46
368920;OPERADORA_NAO_IDENTIFICADA;4;2024;844810091.04
343153;OPERADORA_NAO_IDENTIFICADA;4;2024;213298318.25
401480;OPERADORA_NAO_IDENTIFICADA;4;2024;219813352.28
314871;OPERADORA_NAO_IDENTIFICADA;4;2024;37759190.58
316458;OPERADORA_NAO_IDENTIFICADA;4;2024;247992086.16
421758;OPERADORA_NAO_IDENTIFICADA;4;2024;392474.24
305626;OPERADORA_NAO_IDENTIFICADA;4;2024;439958140.99
422797;OPERADORA_NAO_IDENTIFICADA;4;2024;8
423726;OPERADORA_NAO_IDENTIFICADA;4;2024;952013.92
415111;OPERADORA_NAO_IDENTIFICADA;4;2024;2102075602.30
421332;OPERADORA_NAO_IDENTIFICADA;4;2024;12190343.92
409286;OPERADORA_NAO_IDENTIFICADA;4;2024;10675969.52
423742;OPERADORA_NAO_IDENTIFICADA;4;2024;2059126.96
408026;OPERADORA_NAO_IDENTIFICADA;4;2024;57630300.09
413330;OPERADORA_NAO_IDENTIFICADA;4;2024;383841070.38
393533;OPERADORA_NAO_IDENTIFICADA;4;2024;128120978.98
420280;OPERADORA_NAO_IDENTIFICADA;4;2024;32281409.08
423076;OPERADORA_NAO_IDENTIFICADA;4;2024;14130484.00
414492;OPERADORA_NAO_IDENTIFICADA;4;2024;2414947807.52
318566;OPERADORA_NAO_IDENTIFICADA;4;2024;1311217281.07
418501;OPERADORA_NAO_IDENTIFICADA;4;2024;131471565.27
422592;OPERADORA_NAO_IDENTIFICADA;4;2024;38523841.69
368181;OPERADORA_NAO_IDENTIFICADA;4;2024;6138574.28
331872;OPERADORA_NAO_IDENTIFICADA;4;2024;5751667656.94
369233;OPERADORA_NAO_IDENTIFICADA;4;2024;212346288.65
335215;OPERADORA_NAO_IDENTIFICADA;4;2024;1332480264.04
326500;OPERADORA_NAO_IDENTIFICADA;4;2024;3428993600.16
417122;OPERADORA_NAO_IDENTIFICADA;4;2024;40799286.48
420107;OPERADORA_NAO_IDENTIFICADA;4;2024;103223060.65
421367;OPERADORA_NAO_IDENTIFICADA;4;2024;102040998.81
413267;OPERADORA_NAO_IDENTIFICADA;4;2024;10932113.71
302228;OPERADORA_NAO_IDENTIFICADA;4;2024;233214953.99
320838;OPERADORA_NAO_IDENTIFICADA;4;2024;236725833.18
304484;OPERADORA_NAO_IDENTIFICADA;4;2024;1427519102.25
423840;OPERADORA_NAO_IDENTIFICADA;4;2024;4916598.64
367087;OPERADORA_NAO_IDENTIFICADA;4;2024;3223070898.69
424170;OPERADORA_NAO_IDENTIFICADA;4;2024;33203581.68
411752;OPERADORA_NAO_IDENTIFICADA;4;2024;2206401863.87
419095;OPERADORA_NAO_IDENTIFICADA;4;2024;159416595.28
418536;OPERADORA_NAO_IDENTIFICADA;4;2024;762698.24
422045;OPERADORA_NAO_IDENTIFICADA;4;2024;65147261.84
304701;OPERADORA_NAO_IDENTIFICADA;4;2024;31784648324.68
420301;OPERADORA_NAO_IDENTIFICADA;4;2024;15391550.32
346209;OPERADORA_NAO_IDENTIFICADA;4;2024;1074394564.56
328375;OPERADORA_NAO_IDENTIFICADA;4;2024;371962745.91
422461;OPERADORA_NAO_IDENTIFICADA;4;2024;7225269.12
423459;OPERADORA_NAO_IDENTIFICADA;4;2024;262665.04
421049;OPERADORA_NAO_IDENTIFICADA;4;2024;34580289.09
300713;OPERADORA_NAO_IDENTIFICADA;4;2024;1288002136.07
420051;OPERADORA_NAO_IDENTIFICADA;4;2024;35476935.09
315478;OPERADORA_NAO_IDENTIFICADA;4;2024;13822343632.88
323926;OPERADORA_NAO_IDENTIFICADA;4;2024;842707054.29
355151;OPERADORA_NAO_IDENTIFICADA;4;2024;3337437629.80
421804;OPERADORA_NAO_IDENTIFICADA;4;2024;1206556.71
359459;OPERADORA_NAO_IDENTIFICADA;4;2024;2960489.76
369462;OPERADORA_NAO_IDENTIFICADA;4;2024;29732797.14
403458;OPERADORA_NAO_IDENTIFICADA;4;2024;37468623.12
348082;OPERADORA_NAO_IDENTIFICADA;4;2024;2441781555.31
385697;OPERADORA_NAO_IDENTIFICADA;4;2024;3916413854.27
423777;OPERADORA_NAO_IDENTIFICADA;4;2024;1474999.84
419761;OPERADORA_NAO_IDENTIFICADA;4;2024;8064367.28
330264;OPERADORA_NAO_IDENTIFICADA;4;2024;1152700202.84
350648;OPERADORA_NAO_IDENTIFICADA;4;2024;419663275.34
422746;OPERADORA_NAO_IDENTIFICADA;4;2024;9011299.56
420981;OPERADORA_NAO_IDENTIFICADA;4;2024;105608643.56
422398;OPERADORA_NAO_IDENTIFICADA;4;2024;1092071590.66
311359;OPERADORA_NAO_IDENTIFICADA;4;2024;3469311300.27
419303;OPERADORA_NAO_IDENTIFICADA;4;2024;64970995.84
417505;OPERADORA_NAO_IDENTIFICADA;4;2024;5265122306.74
348180;OPERADORA_NAO_IDENTIFICADA;4;2024;4134838806.60
364312;OPERADORA_NAO_IDENTIFICADA;4;2024;3871166077.36
303259;OPERADORA_NAO_IDENTIFICADA;4;2024;37965369.74
409405;OPERADORA_NAO_IDENTIFICADA;4;2024;40352685.01
418919;OPERADORA_NAO_IDENTIFICADA;4;2024;492252558.97
402109;OPERADORA_NAO_IDENTIFICADA;4;2024;5046520.32
301744;OPERADORA_NAO_IDENTIFICADA;4;2024;955937007.56
389358;OPERADORA_NAO_IDENTIFICADA;4;2024;221796119.07
304131;OPERADORA_NAO_IDENTIFICADA;4;2024;921172412.75
335479;OPERADORA_NAO_IDENTIFICADA;4;2024;3745148847.80
378941;OPERADORA_NAO_IDENTIFICADA;4;2024;12993318.88
370070;OPERADORA_NAO_IDENTIFICADA;4;2024;5304216155.98
342611;OPERADORA_NAO_IDENTIFICADA;4;2024;2134826111.26
417131;OPERADORA_NAO_IDENTIFICADA;4;2024;45590611.71
334511;OPERADORA_NAO_IDENTIFICADA;4;2024;93813814.80
300136;OPERADORA_NAO_IDENTIFICADA;4;2024;1445244923.27
416738;OPERADORA_NAO_IDENTIFICADA;4;2024;866129444.34
422134;OPERADORA_NAO_IDENTIFICADA;4;2024;123893955.03
409634;OPERADORA_NAO_IDENTIFICADA;4;2024;74754171.01
336858;OPERADORA_NAO_IDENTIFICADA;4;2024;2247942881.71
321044;OPERADORA_NAO_IDENTIFICADA;4;2024;10052874732.01
421278;OPERADORA_NAO_IDENTIFICADA;4;2024;15231753.28
354066;OPERADORA_NAO_IDENTIFICADA;4;2024;3958668393.05
343731;OPERADORA_NAO_IDENTIFICADA;4;2024;10435889219.54
343404;OPERADORA_NAO_IDENTIFICADA;4;2024;48169130.33
416801;OPERADORA_NAO_IDENTIFICADA;4;2024;1416233252.88
353477;OPERADORA_NAO_IDENTIFICADA;4;2024;11031968.72
419443;OPERADORA_NAO_IDENTIFICADA;4;2024;220127992.08
423548;OPERADORA_NAO_IDENTIFICADA;4;2024;10304218.24
318213;OPERADORA_NAO_IDENTIFICADA;4;2024;604409932.79
378682;OPERADORA_NAO_IDENTIFICADA;4;2024;21641587.20
423319;OPERADORA_NAO_IDENTIFICADA;4;2024;431742669.06
418447;OPERADORA_NAO_IDENTIFICADA;4;2024;1673281.84
336017;OPERADORA_NAO_IDENTIFICADA;4;2024;61999204.57
339458;OPERADORA_NAO_IDENTIFICADA;4;2024;94473787.16
326089;OPERADORA_NAO_IDENTIFICADA;4;2024;336696898.74
415065;OPERADORA_NAO_IDENTIFICADA;4;2024;358905951.88
419184;OPERADORA_NAO_IDENTIFICADA;4;2024;12283459.44
353353;OPERADORA_NAO_IDENTIFICADA;4;2024;5751380826.26
418218;OPERADORA_NAO_IDENTIFICADA;4;2024;53250166.67
423611;OPERADORA_NAO_IDENTIFICADA;4;2024;4338353.04
421715;OPERADORA_NAO_IDENTIFICADA;4;2024;6352004682.75
359777;OPERADORA_NAO_IDENTIFICADA;4;2024;2534104886.16
365530;OPERADORA_NAO_IDENTIFICADA;4;2024;482834109.19
420018;OPERADORA_NAO_IDENTIFICADA;4;2024;8
314218;OPERADORA_NAO_IDENTIFICADA;4;2024;7500856627.87
386901;OPERADORA_NAO_IDENTIFICADA;4;2024;326887532.78
424200;OPERADORA_NAO_IDENTIFICADA;4;2024;8
423513;OPERADORA_NAO_IDENTIFICADA;4;2024;2103859.68
422657;OPERADORA_NAO_IDENTIFICADA;4;2024;331478.56
420972;OPERADORA_NAO_IDENTIFICADA;4;2024;59065374.52
403512;OPERADORA_NAO_IDENTIFICADA;4;2024;19199946.48
421561;OPERADORA_NAO_IDENTIFICADA;4;2024;20627287.77
417220;OPERADORA_NAO_IDENTIFICADA;4;2024;56234535.22
404772;OPERADORA_NAO_IDENTIFICADA;4;2024;8272691.30
423831;OPERADORA_NAO_IDENTIFICADA;4;2024;32
337188;OPERADORA_NAO_IDENTIFICADA;4;2024;2810281936.63
344729;OPERADORA_NAO_IDENTIFICADA;4;2024;1518710785.19
415871;OPERADORA_NAO_IDENTIFICADA;4;2024;2867971.52
422975;OPERADORA_NAO_IDENTIFICADA;4;2024;24173214.80
350494;OPERADORA_NAO_IDENTIFICADA;4;2024;1196095054.46
357715;OPERADORA_NAO_IDENTIFICADA;4;2024;404803724.52
421341;OPERADORA_NAO_IDENTIFICADA;4;2024;952520617.57
422622;OPERADORA_NAO_IDENTIFICADA;4;2024;3823170.80
424137;OPERADORA_NAO_IDENTIFICADA;4;2024;285571.2
423041;OPERADORA_NAO_IDENTIFICADA;4;2024;20877214.92
354295;OPERADORA_NAO_IDENTIFICADA;4;2024;3825456070.29
405931;OPERADORA_NAO_IDENTIFICADA;4;2024;1242303.76
421243;OPERADORA_NAO_IDENTIFICADA;4;2024;29213669.44
362573;OPERADORA_NAO_IDENTIFICADA;4;2024;462979918.77
309907;OPERADORA_NAO_IDENTIFICADA;4;2024;1544071332.83
308811;OPERADORA_NAO_IDENTIFICADA;4;2024;385779004.00
414387;OPERADORA_NAO_IDENTIFICADA;4;2024;231727812.54
365785;OPERADORA_NAO_IDENTIFICADA;4;2024;70086417.15
420077;OPERADORA_NAO_IDENTIFICADA;4;2024;5672049194.72
401081;OPERADORA_NAO_IDENTIFICADA;4;2024;2690227350.58
321958;OPERADORA_NAO_IDENTIFICADA;4;2024;3502295333.12
417491;OPERADORA_NAO_IDENTIFICADA;4;2024;16828902.98
340162;OPERADORA_NAO_IDENTIFICADA;4;2024;77585156.64
418129;OPERADORA_NAO_IDENTIFICADA;4;2024;77347045.92
363171;OPERADORA_NAO_IDENTIFICADA;4;2024;102520877.77
423335;OPERADORA_NAO_IDENTIFICADA;4;2024;278640405.90
315567;OPERADORA_NAO_IDENTIFICADA;4;2024;1498134093.38
423181;OPERADORA_NAO_IDENTIFICADA;4;2024;18608120.13
422550;OPERADORA_NAO_IDENTIFICADA;4;2024;13207.28
404942;OPERADORA_NAO_IDENTIFICADA;4;2024;9222595.20
420778;OPERADORA_NAO_IDENTIFICADA;4;2024;3190741.52
420140;OPERADORA_NAO_IDENTIFICADA;4;2024;14175862.24
422185;OPERADORA_NAO_IDENTIFICADA;4;2024;407989.04
350141;OPERADORA_NAO_IDENTIFICADA;4;2024;8727583052.62
321320;OPERADORA_NAO_IDENTIFICADA;4;2024;230919996.03
373109;OPERADORA_NAO_IDENTIFICADA;4;2024;53712849.42
335657;OPERADORA_NAO_IDENTIFICADA;4;2024;276073185.55
354279;OPERADORA_NAO_IDENTIFICADA;4;2024;901083104.84
327557;OPERADORA_NAO_IDENTIFICADA;4;2024;876800792.15
412040;OPERADORA_NAO_IDENTIFICADA;4;2024;24328971.44
311146;OPERADORA_NAO_IDENTIFICADA;4;2024;609089443.09
420042;OPERADORA_NAO_IDENTIFICADA;4;2024;12484545.04
349283;OPERADORA_NAO_IDENTIFICADA;4;2024;5124786.58
305928;OPERADORA_NAO_IDENTIFICADA;4;2024;91846098.25
386588;OPERADORA_NAO_IDENTIFICADA;4;2024;3185451248.18
343684;OPERADORA_NAO_IDENTIFICADA;4;2024;623093666.70
318477;OPERADORA_NAO_IDENTIFICADA;4;2024;1097849395.39
422924;OPERADORA_NAO_IDENTIFICADA;4;2024;4934388.74
385620;OPERADORA_NAO_IDENTIFICADA;4;2024;695066163.69
406805;OPERADORA_NAO_IDENTIFICADA;4;2024;185926419.00
334243;OPERADORA_NAO_IDENTIFICADA;4;2024;118715671.70
421774;OPERADORA_NAO_IDENTIFICADA;4;2024;1158416.00
363391;OPERADORA_NAO_IDENTIFICADA;4;2024;135727508.35
354031;OPERADORA_NAO_IDENTIFICADA;4;2024;4666186946.74
423050;OPERADORA_NAO_IDENTIFICADA;4;2024;5799047.84
344486;OPERADORA_NAO_IDENTIFICADA;4;2024;24951414.08
366561;OPERADORA_NAO_IDENTIFICADA;4;2024;2632649279.49
362140;OPERADORA_NAO_IDENTIFICADA;4;2024;2041659367.44
368148;OPERADORA_NAO_IDENTIFICADA;4;2024;756345384.71
365238;OPERADORA_NAO_IDENTIFICADA;4;2024;641121742.33
424048;OPERADORA_NAO_IDENTIFICADA;4;2024;9067561.04
315796;OPERADORA_NAO_IDENTIFICADA;4;2024;4755144361.48
354562;OPERADORA_NAO_IDENTIFICADA;4;2024;3310560181.73
409791;OPERADORA_NAO_IDENTIFICADA;4;2024;83059545.98
414581;OPERADORA_NAO_IDENTIFICADA;4;2024;1505890403.21
359394;OPERADORA_NAO_IDENTIFICADA;4;2024;12148223.48
355721;OPERADORA_NAO_IDENTIFICADA;4;2024;8283282570.73
406121;OPERADORA_NAO_IDENTIFICADA;4;2024;46873476.16
412295;OPERADORA_NAO_IDENTIFICADA;4;2024;509787528.20
344451;OPERADORA_NAO_IDENTIFICADA;4;2024;296966583.55
305227;OPERADORA_NAO_IDENTIFICADA;4;2024;1007989711.20
422681;OPERADORA_NAO_IDENTIFICADA;4;2024;864155681.94
329967;OPERADORA_NAO_IDENTIFICADA;4;2024;5088730.56
362832;OPERADORA_NAO_IDENTIFICADA;4;2024;410333022.58
341894;OPERADORA_NAO_IDENTIFICADA;4;2024;15769066.31
420841;OPERADORA_NAO_IDENTIFICADA;4;2024;52486340.09
319384;OPERADORA_NAO_IDENTIFICADA;4;2024;1658105773.31
313475;OPERADORA_NAO_IDENTIFICADA;4;2024;163786605.68
311847;OPERADORA_NAO_IDENTIFICADA;4;2024;3190690643.33
423017;OPERADORA_NAO_IDENTIFICADA;4;2024;217441.44
418994;OPERADORA_NAO_IDENTIFICADA;4;2024;15374405.52
416584;OPERADORA_NAO_IDENTIFICADA;4;2024;375129699.94
419737;OPERADORA_NAO_IDENTIFICADA;4;2024;64262.32
418587;OPERADORA_NAO_IDENTIFICADA;4;2024;558476859.71
417998;OPERADORA_NAO_IDENTIFICADA;4;2024;66688060.72
344362;OPERADORA_NAO_IDENTIFICADA;4;2024;1836931550.51
422835;OPERADORA_NAO_IDENTIFICADA;4;2024;159967267.92
313211;OPERADORA_NAO_IDENTIFICADA;4;2024;1441201894.31
419583;OPERADORA_NAO_IDENTIFICADA;4;2024;25711908.87
417173;OPERADORA_NAO_IDENTIFICADA;4;2024;7980229921.39
356476;OPERADORA_NAO_IDENTIFICADA;4;2024;1168750498.83
314099;OPERADORA_NAO_IDENTIFICADA;4;2024;2058799923.67
304395;OPERADORA_NAO_IDENTIFICADA;4;2024;1102539090.89
355097;OPERADORA_NAO_IDENTIFICADA;4;2024;8532582784.44
346926;OPERADORA_NAO_IDENTIFICADA;4;2024;11306610166.45
402516;OPERADORA_NAO_IDENTIFICADA;4;2024;13224709.60
306398;OPERADORA_NAO_IDENTIFICADA;4;2024;5866940502.90
423751;OPERADORA_NAO_IDENTIFICADA;4;2024;1357653.44
327328;OPERADORA_NAO_IDENTIFICADA;4;2024;30082594.00
342955;OPERADORA_NAO_IDENTIFICADA;4;2024;78580463.42
424111;OPERADORA_NAO_IDENTIFICADA;4;2024;8
423424;OPERADORA_NAO_IDENTIFICADA;4;2024;859018.48
320897;OPERADORA_NAO_IDENTIFICADA;4;2024;867115763.86
311375;OPERADORA_NAO_IDENTIFICADA;4;2024;2374117067.67
354627;OPERADORA_NAO_IDENTIFICADA;4;2024;4674490704.27
318388;OPERADORA_NAO_IDENTIFICADA;4;2024;1269939799.02
417297;OPERADORA_NAO_IDENTIFICADA;4;2024;1034684105.66
379956;OPERADORA_NAO_IDENTIFICADA;4;2024;21984455801.00
371564;OPERADORA_NAO_IDENTIFICADA;4;2024;367840007.57
320862;OPERADORA_NAO_IDENTIFICADA;4;2024;1194136418.34
309524;OPERADORA_NAO_IDENTIFICADA;4;2024;351891991.81
424013;OPERADORA_NAO_IDENTIFICADA;4;2024;1030262.72
368555;OPERADORA_NAO_IDENTIFICADA;4;2024;391684501.58
421685;OPERADORA_NAO_IDENTIFICADA;4;2024;0.08
301728;OPERADORA_NAO_IDENTIFICADA;4;2024;599772312.85
340952;OPERADORA_NAO_IDENTIFICADA;4;2024;4055137813.04
367966;OPERADORA_NAO_IDENTIFICADA;4;2024;18221889.06
367613;OPERADORA_NAO_IDENTIFICADA;4;2024;146570814.48
310522;OPERADORA_NAO_IDENTIFICADA;4;2024;1852125075.91
345741;OPERADORA_NAO_IDENTIFICADA;4;2024;997640792.26
404241;OPERADORA_NAO_IDENTIFICADA;4;2024;112825871.50
382639;OPERADORA_NAO_IDENTIFICADA;4;2024;50005526.14
423106;OPERADORA_NAO_IDENTIFICADA;4;2024;32
305421;OPERADORA_NAO_IDENTIFICADA;4;2024;56910303.20
352152;OPERADORA_NAO_IDENTIFICADA;4;2024;33239072.16
421421;OPERADORA_NAO_IDENTIFICADA;4;2024;2133622462.48
419079;OPERADORA_NAO_IDENTIFICADA;4;2024;44489441.76
412759;OPERADORA_NAO_IDENTIFICADA;4;2024;313344195.15
309087;OPERADORA_NAO_IDENTIFICADA;4;2024;805548172.77
414352;OPERADORA_NAO_IDENTIFICADA;4;2024;1422054877.49
421928;OPERADORA_NAO_IDENTIFICADA;4;2024;2953599543.82
324361;OPERADORA_NAO_IDENTIFICADA;4;2024;2984657398.76
345776;OPERADORA_NAO_IDENTIFICADA;4;2024;647055742.75
356123;OPERADORA_NAO_IDENTIFICADA;4;2024;2071553695.33
310239;OPERADORA_NAO_IDENTIFICADA;4;2024;300726847.40
395480;OPERADORA_NAO_IDENTIFICADA;4;2024;1189445086.69
365645;OPERADORA_NAO_IDENTIFICADA;4;2024;10537876.92
418323;OPERADORA_NAO_IDENTIFICADA;4;2024;6244798.08
334154;OPERADORA_NAO_IDENTIFICADA;4;2024;982635142.41
323080;OPERADORA_NAO_IDENTIFICADA;4;2024;38740151103.19
314251;OPERADORA_NAO_IDENTIFICADA;4;2024;648365766.85
311618;OPERADORA_NAO_IDENTIFICADA;4;2024;1598868347.77
344397;OPERADORA_NAO_IDENTIFICADA;4;2024;4115638770.75
350630;OPERADORA_NAO_IDENTIFICADA;4;2024;40245891.37
378216;OPERADORA_NAO_IDENTIFICADA;4;2024;589885810.43
422193;OPERADORA_NAO_IDENTIFICADA;4;2024;30093935.52
318035;OPERADORA_NAO_IDENTIFICADA;4;2024;578194118.60
302627;OPERADORA_NAO_IDENTIFICADA;4;2024;351312712.30
417050;OPERADORA_NAO_IDENTIFICADA;4;2024;497556226.88
423475;OPERADORA_NAO_IDENTIFICADA;4;2024;904156896.24
415243;OPERADORA_NAO_IDENTIFICADA;4;2024;78359092.41
416525;OPERADORA_NAO_IDENTIFICADA;4;2024;186999325.91
421731;OPERADORA_NAO_IDENTIFICADA;4;2024;874483471.78
324523;OPERADORA_NAO_IDENTIFICADA;4;2024;18325507.28
407011;OPERADORA_NAO_IDENTIFICADA;4;2024;1209530319.01
422347;OPERADORA_NAO_IDENTIFICADA;4;2024;8
416371;OPERADORA_NAO_IDENTIFICADA;4;2024;21683285.84
380661;OPERADORA_NAO_IDENTIFICADA;4;2024;3280980784.67
357391;OPERADORA_NAO_IDENTIFICADA;4;2024;19327492953.78
359122;OPERADORA_NAO_IDENTIFICADA;4;2024;940249165.94
415944;OPERADORA_NAO_IDENTIFICADA;4;2024;4560112.12
420000;OPERADORA_NAO_IDENTIFICADA;4;2024;618401507.19
304883;OPERADORA_NAO_IDENTIFICADA;4;2024;2418240593.41
318299;OPERADORA_NAO_IDENTIFICADA;4;2024;4917254280.05
421766;OPERADORA_NAO_IDENTIFICADA;4;2024;530435515.43
416789;OPERADORA_NAO_IDENTIFICADA;4;2024;90008291.92
330116;OPERADORA_NAO_IDENTIFICADA;4;2024;2432492349.07
412252;OPERADORA_NAO_IDENTIFICADA;4;2024;274024939.11
423629;OPERADORA_NAO_IDENTIFICADA;4;2024;115452428.16
419516;OPERADORA_NAO_IDENTIFICADA;4;2024;501276776.17
406945;OPERADORA_NAO_IDENTIFICADA;4;2024;458163846.83
422291;OPERADORA_NAO_IDENTIFICADA;4;2024;26039033.84
386219;OPERADORA_NAO_IDENTIFICADA;4;2024;5556216.88
333239;OPERADORA_NAO_IDENTIFICADA;4;2024;240
327417;OPERADORA_NAO_IDENTIFICADA;4;2024;2391490365.26
348295;OPERADORA_NAO_IDENTIFICADA;4;2024;11055737118.04
419265;OPERADORA_NAO_IDENTIFICADA;4;2024;13140594.56
418706;OPERADORA_NAO_IDENTIFICADA;4;2024;2345638.33
361941;OPERADORA_NAO_IDENTIFICADA;4;2024;963910317.93
415014;OPERADORA_NAO_IDENTIFICADA;4;2024;893812605.74
328073;OPERADORA_NAO_IDENTIFICADA;4;2024;492942403.50
401871;OPERADORA_NAO_IDENTIFICADA;4;2024;11641641.28
311057;OPERADORA_NAO_IDENTIFICADA;4;2024;66959789.96
329355;OPERADORA_NAO_IDENTIFICADA;4;2024;658098321.86
312851;OPERADORA_NAO_IDENTIFICADA;4;2024;8370467714.15
422576;OPERADORA_NAO_IDENTIFICADA;4;2024;5016430.80
346004;OPERADORA_NAO_IDENTIFICADA;4;2024;249642009.65
424021;OPERADORA_NAO_IDENTIFICADA;4;2024;8
418650;OPERADORA_NAO_IDENTIFICADA;4;2024;1513031503.12
356417;OPERADORA_NAO_IDENTIFICADA;4;2024;4952643839.63
368253;OPERADORA_NAO_IDENTIFICADA;4;2024;118198245508.03
413534;OPERADORA_NAO_IDENTIFICADA;4;2024;11531157177.08
381144;OPERADORA_NAO_IDENTIFICADA;4;2024;79330701.11
420255;OPERADORA_NAO_IDENTIFICADA;4;2024;243410514.03
335614;OPERADORA_NAO_IDENTIFICADA;4;2024;13890209630.28
348830;OPERADORA_NAO_IDENTIFICADA;4;2024;2767912167.65
342335;OPERADORA_NAO_IDENTIFICADA;4;2024;25096262.88
330892;OPERADORA_NAO_IDENTIFICADA;4;2024;218794935.72
418552;OPERADORA_NAO_IDENTIFICADA;4;2024;788625947.87
423157;OPERADORA_NAO_IDENTIFICADA;4;2024;4000169.68
413160;OPERADORA_NAO_IDENTIFICADA;4;2024;487467460.66
301574;OPERADORA_NAO_IDENTIFICADA;4;2024;2200616119.89
419591;OPERADORA_NAO_IDENTIFICADA;4;2024;56060178.72
411256;OPERADORA_NAO_IDENTIFICADA;4;2024;4102818837.13
420701;OPERADORA_NAO_IDENTIFICADA;4;2024;283041452.32
417751;OPERADORA_NAO_IDENTIFICADA;4;2024;2936553.60
394734;OPERADORA_NAO_IDENTIFICADA;4;2024;1129641876.98
341819;OPERADORA_NAO_IDENTIFICADA;4;2024;11363071.79
410292;OPERADORA_NAO_IDENTIFICADA;4;2024;2547859806.47
335100;OPERADORA_NAO_IDENTIFICADA;4;2024;11722571465.76
412058;OPERADORA_NAO_IDENTIFICADA;4;2024;333147766.99
422401;OPERADORA_NAO_IDENTIFICADA;4;2024;6747738.64
320820;OPERADORA_NAO_IDENTIFICADA;4;2024;522365068.72
316903;OPERADORA_NAO_IDENTIFICADA;4;2024;13322845.74
416177;OPERADORA_NAO_IDENTIFICADA;4;2024;5031289.36
421677;OPERADORA_NAO_IDENTIFICADA;4;2024;102731577.12
417459;OPERADORA_NAO_IDENTIFICADA;4;2024;233300673.28
355691;OPERADORA_NAO_IDENTIFICADA;4;2024;7064864572.72
361011;OPERADORA_NAO_IDENTIFICADA;4;2024;5651239252.29
322571;OPERADORA_NAO_IDENTIFICADA;4;2024;1158722919.82
422959;OPERADORA_NAO_IDENTIFICADA;4;2024;42910685.74
306100;OPERADORA_NAO_IDENTIFICADA;4;2024;1557966614.53
419974;OPERADORA_NAO_IDENTIFICADA;4;2024;73982240.35
300870;OPERADORA_NAO_IDENTIFICADA;4;2024;2601164193.36
345709;OPERADORA_NAO_IDENTIFICADA;4;2024;1365121689.42
402095;OPERADORA_NAO_IDENTIFICADA;4;2024;42679398.40
334561;OPERADORA_NAO_IDENTIFICADA;4;2024;6916194641.09
416908;OPERADORA_NAO_IDENTIFICADA;4;2024;12139497.62
333620;OPERADORA_NAO_IDENTIFICADA;4;2024;55687978.11
310247;OPERADORA_NAO_IDENTIFICADA;4;2024;3545203610.05
304051;OPERADORA_NAO_IDENTIFICADA;4;2024;2110242568.92
418617;OPERADORA_NAO_IDENTIFICADA;4;2024;328993314.53
420956;OPERADORA_NAO_IDENTIFICADA;4;2024;56415025.89
412996;OPERADORA_NAO_IDENTIFICADA;4;2024;128527904.48
414026;OPERADORA_NAO_IDENTIFICADA;4;2024;65278174.62
417840;OPERADORA_NAO_IDENTIFICADA;4;2024;81173245.19
403865;OPERADORA_NAO_IDENTIFICADA;4;2024;7633212.48
414905;OPERADORA_NAO_IDENTIFICADA;4;2024;486115599.66
339679;OPERADORA_NAO_IDENTIFICADA;4;2024;82202076943.05
417424;OPERADORA_NAO_IDENTIFICADA;4;2024;816034039.29
361569;OPERADORA_NAO_IDENTIFICADA;4;2024;194320204.81
419354;OPERADORA_NAO_IDENTIFICADA;4;2024;82859096.15
303178;OPERADORA_NAO_IDENTIFICADA;4;2024;967619061.12
415626;OPERADORA_NAO_IDENTIFICADA;4;2024;249140911.55
408522;OPERADORA_NAO_IDENTIFICADA;4;2024;806663666.48
335525;OPERADORA_NAO_IDENTIFICADA;4;2024;61957998.22
420166;OPERADORA_NAO_IDENTIFICADA;4;2024;1404150634.86
419427;OPERADORA_NAO_IDENTIFICADA;4;2024;735498711.19
307319;OPERADORA_NAO_IDENTIFICADA;4;2024;2443201067.96
352179;OPERADORA_NAO_IDENTIFICADA;4;2024;1075193488.41
423564;OPERADORA_NAO_IDENTIFICADA;4;2024;9063636.40
345318;OPERADORA_NAO_IDENTIFICADA;4;2024;237961375.25
314781;OPERADORA_NAO_IDENTIFICADA;4;2024;365008083.86
417742;OPERADORA_NAO_IDENTIFICADA;4;2024;8
365297;OPERADORA_NAO_IDENTIFICADA;4;2024;25751791.47
343463;OPERADORA_NAO_IDENTIFICADA;4;2024;749946798.79
356581;OPERADORA_NAO_IDENTIFICADA;4;2024;617653640.02
414662;OPERADORA_NAO_IDENTIFICADA;4;2024;196277626.99
417106;OPERADORA_NAO_IDENTIFICADA;4;2024;65357195.74
350249;OPERADORA_NAO_IDENTIFICADA;4;2024;2973153437.70
413721;OPERADORA_NAO_IDENTIFICADA;4;2024;273655462.82
419389;OPERADORA_NAO_IDENTIFICADA;4;2024;396822699.25
333875;OPERADORA_NAO_IDENTIFICADA;4;2024;3771625600.56
416665;OPERADORA_NAO_IDENTIFICADA;4;2024;5872015.52
347604;OPERADORA_NAO_IDENTIFICADA;4;2024;122885903.60
401072;OPERADORA_NAO_IDENTIFICADA;4;2024;19547141.19
424285;OPERADORA_NAO_IDENTIFICADA;4;2024;25773.84
421413;OPERADORA_NAO_IDENTIFICADA;4;2024;997376.88
410128;OPERADORA_NAO_IDENTIFICADA;4;2024;357474628.09
416495;OPERADORA_NAO_IDENTIFICADA;4;2024;688157348.68
354783;OPERADORA_NAO_IDENTIFICADA;4;2024;3496544757.70
402001;OPERADORA_NAO_IDENTIFICADA;4;2024;126925999.63
417092;OPERADORA_NAO_IDENTIFICADA;4;2024;17241309.54
422487;OPERADORA_NAO_IDENTIFICADA;4;2024;69910631.13
306886;OPERADORA_NAO_IDENTIFICADA;4;2024;5659109910.93
343722;OPERADORA_NAO_IDENTIFICADA;4;2024;194591539.96
371629;OPERADORA_NAO_IDENTIFICADA;4;2024;1838220180.67
422908;OPERADORA_NAO_IDENTIFICADA;4;2024;2105228.00
419125;OPERADORA_NAO_IDENTIFICADA;4;2024;362357.68
319422;OPERADORA_NAO_IDENTIFICADA;4;2024;2773858419.58
367095;OPERADORA_NAO_IDENTIFICADA;4;2024;3054508929.74
418374;OPERADORA_NAO_IDENTIFICADA;4;2024;1241992732.76
317012;OPERADORA_NAO_IDENTIFICADA;4;2024;610086940.93
360783;OPERADORA_NAO_IDENTIFICADA;4;2024;103841188.08
351351;OPERADORA_NAO_IDENTIFICADA;4;2024;18408189.23
337498;OPERADORA_NAO_IDENTIFICADA;4;2024;819462657.31
418528;OPERADORA_NAO_IDENTIFICADA;4;2024;245509574.80
359017;OPERADORA_NAO_IDENTIFICADA;4;2024;111365397320.68
423505;OPERADORA_NAO_IDENTIFICADA;4;2024;182315584.40
358282;OPERADORA_NAO_IDENTIFICADA;4;2024;520888721.88
423734;OPERADORA_NAO_IDENTIFICADA;4;2024;2148478.88
408034;OPERADORA_NAO_IDENTIFICADA;4;2024;51124102.27
397245;OPERADORA_NAO_IDENTIFICADA;4;2024;29198383.92
416932;OPERADORA_NAO_IDENTIFICADA;4;2024;48707801.06
314706;OPERADORA_NAO_IDENTIFICADA;4;2024;915671822.53
337561;OPERADORA_NAO_IDENTIFICADA;4;2024;179686342.28
417211;OPERADORA_NAO_IDENTIFICADA;4;2024;602614392.24
423131;OPERADORA_NAO_IDENTIFICADA;4;2024;876887.68
422754;OPERADORA_NAO_IDENTIFICADA;4;2024;92394885.12
336106;OPERADORA_NAO_IDENTIFICADA;4;2024;3310162753.85
314587;OPERADORA_NAO_IDENTIFICADA;4;2024;513591759.03
382337;OPERADORA_NAO_IDENTIFICADA;4;2024;27812242.56
417947;OPERADORA_NAO_IDENTIFICADA;4;2024;1157191859.98
352331;OPERADORA_NAO_IDENTIFICADA;4;2024;21754261562.44
408263;OPERADORA_NAO_IDENTIFICADA;4;2024;89121641.36
424030;OPERADORA_NAO_IDENTIFICADA;4;2024;7162171.60
343056;OPERADORA_NAO_IDENTIFICADA;4;2024;67325177.85
344184;OPERADORA_NAO_IDENTIFICADA;4;2024;37052662.67
303844;OPERADORA_NAO_IDENTIFICADA;4;2024;509692318.44
352586;OPERADORA_NAO_IDENTIFICADA;4;2024;814279924.34
342157;OPERADORA_NAO_IDENTIFICADA;4;2024;198119699.43
327352;OPERADORA_NAO_IDENTIFICADA;4;2024;378244085.62
361593;OPERADORA_NAO_IDENTIFICADA;4;2024;185870098.33
424161;OPERADORA_NAO_IDENTIFICADA;4;2024;109906.24
417475;OPERADORA_NAO_IDENTIFICADA;4;2024;78535166.68
422321;OPERADORA_NAO_IDENTIFICADA;4;2024;488951369.81
312126;OPERADORA_NAO_IDENTIFICADA;4;2024;19237100319.30
385255;OPERADORA_NAO_IDENTIFICADA;4;2024;1525303949.86
372609;OPERADORA_NAO_IDENTIFICADA;4;2024;2116248907.68
321273;OPERADORA_NAO_IDENTIFICADA;4;2024;5954140014.58
416401;OPERADORA_NAO_IDENTIFICADA;4;2024;1946369506.33
351407;OPERADORA_NAO_IDENTIFICADA;4;2024;1647899805.41
326755;OPERADORA_NAO_IDENTIFICADA;4;2024;2962215867.49
421154;OPERADORA_NAO_IDENTIFICADA;4;2024;453346157.57
316997;OPERADORA_NAO_IDENTIFICADA;4;2024;86005037.66
355593;OPERADORA_NAO_IDENTIFICADA;4;2024;622404675.37
417891;OPERADORA_NAO_IDENTIFICADA;4;2024;38608773.12
413429;OPERADORA_NAO_IDENTIFICADA;4;2024;234463801.66
304441;OPERADORA_NAO_IDENTIFICADA;4;2024;357482336.41
313955;OPERADORA_NAO_IDENTIFICADA;4;2024;174777959.72
306126;OPERADORA_NAO_IDENTIFICADA;4;2024;1807168579.48
357138;OPERADORA_NAO_IDENTIFICADA;4;2024;1488732817.18
419621;OPERADORA_NAO_IDENTIFICADA;4;2024;15317257.60
336831;OPERADORA_NAO_IDENTIFICADA;4;2024;2411627388.04
400882;OPERADORA_NAO_IDENTIFICADA;4;2024;4490850.40
421189;OPERADORA_NAO_IDENTIFICADA;4;2024;1669123657.15
418692;OPERADORA_NAO_IDENTIFICADA;4;2024;74357449.84
418820;OPERADORA_NAO_IDENTIFICADA;4;2024;457293482.75
422258;OPERADORA_NAO_IDENTIFICADA;4;2024;2458957.52
309028;OPERADORA_NAO_IDENTIFICADA;4;2024;1023682877.12
382281;OPERADORA_NAO_IDENTIFICADA;4;2024;49469094.97
358088;OPERADORA_NAO_IDENTIFICADA;4;2024;2399971074.10
423220;OPERADORA_NAO_IDENTIFICADA;4;2024;5681720.82
417599;OPERADORA_NAO_IDENTIFICADA;4;2024;1375487303.11
407224;OPERADORA_NAO_IDENTIFICADA;4;2024;39977944.45
418790;OPERADORA_NAO_IDENTIFICADA;4;2024;10792893.41
327441;OPERADORA_NAO_IDENTIFICADA;4;2024;63797827.51
423122;OPERADORA_NAO_IDENTIFICADA;4;2024;1206375.04
301060;OPERADORA_NAO_IDENTIFICADA;4;2024;641591700.22
382655;OPERADORA_NAO_IDENTIFICADA;4;2024;77738546.05
369292;OPERADORA_NAO_IDENTIFICADA;4;2024;3664791081.60
311669;OPERADORA_NAO_IDENTIFICADA;4;2024;16826037.60
324345;OPERADORA_NAO_IDENTIFICADA;4;2024;1331834142.41
418757;OPERADORA_NAO_IDENTIFICADA;4;2024;43026304.36
358053;OPERADORA_NAO_IDENTIFICADA;4;2024;193040587.75
344095;OPERADORA_NAO_IDENTIFICADA;4;2024;6479410.24
413747;OPERADORA_NAO_IDENTIFICADA;4;2024;78730906.87
423858;OPERADORA_NAO_IDENTIFICADA;4;2024;648109.84
420816;OPERADORA_NAO_IDENTIFICADA;4;2024;33093190.05
421944;OPERADORA_NAO_IDENTIFICADA;4;2024;598004939.06
420697;OPERADORA_NAO_IDENTIFICADA;4;2024;2166064.16
418021;OPERADORA_NAO_IDENTIFICADA;4;2024;3988317563.25
316873;OPERADORA_NAO_IDENTIFICADA;4;2024;1358986038.26
311961;OPERADORA_NAO_IDENTIFICADA;4;2024;1172182467.97
342807;OPERADORA_NAO_IDENTIFICADA;4;2024;3381530664.99
417718;OPERADORA_NAO_IDENTIFICADA;4;2024;1137691072.90
321338;OPERADORA_NAO_IDENTIFICADA;4;2024;429963291.56
411868;OPERADORA_NAO_IDENTIFICADA;4;2024;55141328.46
354996;OPERADORA_NAO_IDENTIFICADA;4;2024;372295755.96
366439;OPERADORA_NAO_IDENTIFICADA;4;2024;315444196.58
419567;OPERADORA_NAO_IDENTIFICADA;4;2024;9311850.16
344885;OPERADORA_NAO_IDENTIFICADA;4;2024;13567149978.40
423351;OPERADORA_NAO_IDENTIFICADA;4;2024;243953156.18
414557;OPERADORA_NAO_IDENTIFICADA;4;2024;28538465.29
418285;OPERADORA_NAO_IDENTIFICADA;4;2024;461330610.25
309222;OPERADORA_NAO_IDENTIFICADA;4;2024;19637678047.76
354678;OPERADORA_NAO_IDENTIFICADA;4;2024;217555586.85
414204;OPERADORA_NAO_IDENTIFICADA;4;2024;189983825.28
413518;OPERADORA_NAO_IDENTIFICADA;4;2024;175742179.36
325571;OPERADORA_NAO_IDENTIFICADA;4;2024;10947435424.18
423068;OPERADORA_NAO_IDENTIFICADA;4;2024;38752136.00
311391;OPERADORA_NAO_IDENTIFICADA;4;2024;165005383.52
315044;OPERADORA_NAO_IDENTIFICADA;4;2024;1904236977.73
323942;OPERADORA_NAO_IDENTIFICADA;4;2024;1352090756.35
421383;OPERADORA_NAO_IDENTIFICADA;4;2024;21130747.20
350770;OPERADORA_NAO_IDENTIFICADA;4;2024;66446463.30
309257;OPERADORA_NAO_IDENTIFICADA;4;2024;3931231.29
354325;OPERADORA_NAO_IDENTIFICADA;4;2024;728651023.76
346951;OPERADORA_NAO_IDENTIFICADA;4;2024;661842099.64
417564;OPERADORA_NAO_IDENTIFICADA;4;2024;48469604.44
422029;OPERADORA_NAO_IDENTIFICADA;4;2024;2149893555.20
341941;OPERADORA_NAO_IDENTIFICADA;4;2024;393836594.60
419249;OPERADORA_NAO_IDENTIFICADA;4;2024;4269339502.03
363189;OPERADORA_NAO_IDENTIFICADA;4;2024;84924531.42
369411;OPERADORA_NAO_IDENTIFICADA;4;2024;1961379280.38
